Policy #,Policy_type,Policy year,Seller #,Buyer #,Claim_amount ($)
21,Multiple buyers,2015,101800,2265700,29854.59
64,Multiple buyers,2015,105700,2285600,15000
73,One_buyer,2015,106300,2288500,763.361
78,Multiple buyers,2015,106800,2289900,221610.224
99,Multiple buyers,2015,108000,920600,2838.563
120,Multiple buyers,2015,109400,2306100,50142.36
124,Multiple buyers,2015,109800,2309500,300000
137,One_buyer,2015,110900,2314400,40000
144,Multiple buyers,2015,111600,2316700,25000
151,Multiple buyers,2015,112300,2321600,85914.4
151,Multiple buyers,2015,112300,2323100,23770.56
184,Multiple buyers,2015,114200,467400,27957.219
184,Multiple buyers,2015,114200,849400,77512.64
190,Multiple buyers,2015,114800,2333500,50271.84
190,Multiple buyers,2015,114800,2333600,32017.409
202,One_buyer,2015,116000,2335500,813000
218,Multiple buyers,2015,117600,407200,10137.6
224,Multiple buyers,2015,118200,2345300,33000
224,Multiple buyers,2015,118200,2281000,90000
225,Multiple buyers,2015,118300,2281000,209000
285,Multiple buyers,2015,124200,2364500,30000
290,Multiple buyers,2015,124600,142600,23760
290,Multiple buyers,2015,124600,2366400,30000
293,Multiple buyers,2015,124900,2367500,111955.2
314,Multiple buyers,2015,126600,2372700,236996.698
314,Multiple buyers,2015,126600,2373200,18359.197
336,###,2015,128700,2385600,13728
344,Multiple buyers,2015,129500,2388200,8803.649
353,Multiple buyers,2015,130300,2335500,40049.37
362,Multiple buyers,2015,131200,2395200,131108.448
362,Multiple buyers,2015,131200,2395300,400000
384,Multiple buyers,2015,133400,2400600,2926
412,Multiple buyers,2015,135500,2409300,139618.48
429,Multiple buyers,2015,137100,633700,39802.444
459,Multiple buyers,2015,137800,2321600,94000
459,Multiple buyers,2015,137800,2322200,7200.16
483,Multiple buyers,2015,139800,2428600,24151.408
502,Multiple buyers,2015,141400,623800,150000
504,Multiple buyers,2015,141500,2424300,1280.261
504,Multiple buyers,2015,141500,2321600,15391.034
504,Multiple buyers,2015,141500,2439700,30000
504,Multiple buyers,2015,141500,2439800,30000
504,Multiple buyers,2015,141500,2420400,24055.416
504,Multiple buyers,2015,141500,2440500,4817.938
504,Multiple buyers,2015,141500,2440600,30000
511,Multiple buyers,2015,142000,2306100,89622.808
557,Multiple buyers,2015,145000,2288500,100000
585,Multiple buyers,2015,147000,583100,32165.496
585,Multiple buyers,2015,147000,2465600,24478.934
586,Multiple buyers,2015,147100,2466400,75387.003
590,Multiple buyers,2015,147500,2467200,30000
623,Multiple buyers,2015,150400,387900,400000
640,Multiple buyers,2015,151900,2481800,70685.286
673,Multiple buyers,2015,154300,2496400,2348.72
676,One_buyer,2015,154600,2499000,106000
678,Multiple buyers,2015,154800,2499300,87539.112
693,Multiple buyers,2015,156300,2504500,115458.96
706,Multiple buyers,2015,157500,2509000,100000
710,Multiple buyers,2015,157900,2515200,113000
710,Multiple buyers,2015,157900,783600,39000
710,Multiple buyers,2015,157900,2515900,3702.282
716,Multiple buyers,2015,158500,273100,31468.8
716,Multiple buyers,2015,158500,2517700,30000
721,Multiple buyers,2015,159000,2519800,3450.8
732,Multiple buyers,2015,160000,142600,15593.6
734,One_buyer,2015,160200,2522800,41273.43
744,Multiple buyers,2015,160900,1785300,171655.034
762,Multiple buyers,2015,162700,2527700,30000
785,Multiple buyers,2015,164800,2534100,88000
785,Multiple buyers,2015,164800,2473500,24054.054
815,Multiple buyers,2015,167600,2542100,30000
815,Multiple buyers,2015,167600,2372700,97257.346
815,Multiple buyers,2015,167600,2543300,30000
815,Multiple buyers,2015,167600,2544000,26591.154
815,Multiple buyers,2015,167600,2544500,10280.374
829,Multiple buyers,2015,169000,132100,35661.12
841,Multiple buyers,2015,170000,2289400,34872.43
842,One_buyer,2015,170100,2554600,4209
889,Multiple buyers,2015,173900,2406100,1657.92
898,Multiple buyers,2015,174800,2570200,75144.664
911,One_buyer,2015,175900,2572800,111836.901
916,One_buyer,2015,176400,2574400,16288.8
964,Multiple buyers,2015,180400,2584900,600000
965,Multiple buyers,2015,180500,137200,27000
965,Multiple buyers,2015,180500,837800,361000
969,Multiple buyers,2015,180900,2521400,85442.685
1005,Multiple buyers,2015,184200,2597100,400000
1022,One_buyer,2015,185500,2600200,501000
1026,Multiple buyers,2015,185900,2335500,60969.524
1036,One_buyer,2015,186900,2604700,10000
1066,One_buyer,2015,189200,2612000,9447.132
1077,One_buyer,2015,189700,354800,100000
1082,Multiple buyers,2015,190200,2321200,2160.002
1082,Multiple buyers,2015,190200,2615700,23650.845
1089,Multiple buyers,2015,190900,2617500,30000
1104,###,2015,192200,2621200,189184.82
1109,Multiple buyers,2015,192700,2622100,266015.86
1117,One_buyer,2015,193100,2623100,10600
1125,Multiple buyers,2015,193900,2624700,47548.732
1164,One_buyer,2015,197300,2288500,143616
1186,Multiple buyers,2015,199000,2639300,44621.727
1187,Multiple buyers,2015,199100,2640000,6512.88
1191,Multiple buyers,2015,199500,2306100,50000
1201,Multiple buyers,2015,200400,2644200,10689.8
1206,Multiple buyers,2015,200600,2534100,9611.84
1218,Multiple buyers,2015,201700,2372700,100000
1218,Multiple buyers,2015,201700,2648500,30000
1250,Multiple buyers,2015,204600,2321600,37020.28
1254,One_buyer,2015,205000,2657100,23532.96
1262,One_buyer,2015,205500,2321600,38000
1267,Multiple buyers,2015,205900,2659200,9856
1267,Multiple buyers,2015,205900,2659300,8000
1299,Multiple buyers,2015,209100,1299000,40000
1306,Multiple buyers,2015,209600,2321600,8458.56
1309,Multiple buyers,2015,209900,2673700,200000
1312,Multiple buyers,2015,210200,2674500,50000
1312,Multiple buyers,2015,210200,2473700,28261.702
1314,Multiple buyers,2015,210400,2675700,1600
1324,Multiple buyers,2015,211100,2678700,162532.8
1341,Multiple buyers,2015,212800,2685200,45000
1346,One_buyer,2015,213200,2686500,10000
1350,Multiple buyers,2015,213500,1677800,174961.6
1395,Multiple buyers,2015,216800,2695000,21659.255
1395,Multiple buyers,2015,216800,2695200,15408.835
1395,Multiple buyers,2015,216800,2697200,23705.44
1407,Multiple buyers,2015,217800,474500,148557.721
1409,Multiple buyers,2015,218000,2700600,100000
1422,Multiple buyers,2015,219000,2509000,80000
1424,Multiple buyers,2015,219200,111800,500000
1430,Multiple buyers,2015,219700,387900,10685.136
1455,Multiple buyers,2015,220700,2705500,40740.374
1460,One_buyer,2015,221200,2706400,20230.043
1461,,2015,221300,2706500,9800
1488,Multiple buyers,2015,223600,2713900,633.6
1496,Multiple buyers,2015,224300,2717400,31370.136
1514,One_buyer,2015,225700,2440600,888.624
1518,One_buyer,2015,225700,2724700,4743.295
1600,One_buyer,2015,232900,2741200,3327.779
1613,###,2015,234100,2385600,12210.097
1636,Multiple buyers,2015,236200,354800,43891.374
1639,Multiple buyers,2015,236500,2748900,3962.358
1674,Multiple buyers,2015,239400,2758400,10137.79
1683,Multiple buyers,2015,240000,2766300,28000
1714,Multiple buyers,2015,242900,2373200,29870
1714,Multiple buyers,2015,242900,2772500,84959.626
1714,Multiple buyers,2015,242900,2772800,29868.476
1738,Multiple buyers,2015,244900,2783500,28626.6
1785,Multiple buyers,2015,247700,2793500,30000
1816,Multiple buyers,2015,250500,387900,60757.136
1817,Multiple buyers,2015,250600,1422800,30470.88
1832,Multiple buyers,2015,252100,2424300,230045.902
1832,Multiple buyers,2015,252100,2802700,34780.356
1832,Multiple buyers,2015,252100,2802900,100000
1851,One_buyer,2015,253700,349600,800000
1859,One_buyer,2015,254500,2808900,23787.632
1862,Multiple buyers,2015,254800,2321600,2112.88
1862,Multiple buyers,2015,254800,2323100,12879.2
1868,Multiple buyers,2015,255400,623800,300000
1883,Multiple buyers,2015,256900,2820500,13917.272
1908,Multiple buyers,2015,259100,618900,297000
1908,Multiple buyers,2015,259100,821600,302000
1928,Multiple buyers,2015,260800,2836200,30000
1932,,2015,261200,2837800,24014.1
1933,,2015,261200,2837800,20943.725
1934,,2015,261200,2837800,18408.5
1935,,2015,261200,2837800,26598.825
1940,Multiple buyers,2015,261500,2839100,30000
1952,Multiple buyers,2015,262400,2841900,30000
1955,One_buyer,2015,262700,2842400,30000
1956,,2015,262700,2842400,15454.216
1964,###,2015,263200,2385600,221674.984
1968,One_buyer,2015,263600,286800,19752
1969,Multiple buyers,2015,263700,2844300,293803.838
1978,Multiple buyers,2015,264500,2845600,150000
1990,One_buyer,2015,265500,2847200,30000
2003,Multiple buyers,2015,266700,2780700,668.471
2004,One_buyer,2015,266700,2570200,2279.479
2008,Multiple buyers,2015,267100,2769000,42740.16
2021,Multiple buyers,2015,268300,2853800,13427.644
2041,Multiple buyers,2015,270300,2791900,6530.92
2051,Multiple buyers,2015,271300,2862100,81000
2060,Multiple buyers,2015,272200,2864300,5142.719
2065,Multiple buyers,2015,272600,2865000,27000
2069,One_buyer,2015,272900,2866400,6000
2088,Multiple buyers,2015,274600,2869600,68956.158
2110,Multiple buyers,2015,276700,387900,6711.358
2137,Multiple buyers,2015,278900,2878200,30000
2163,Multiple buyers,2015,281400,2886000,110000
2190,Multiple buyers,2015,284000,2893400,60000
2190,Multiple buyers,2015,284000,2893700,34069.605
2225,Multiple buyers,2015,287000,2597100,400000
2225,Multiple buyers,2015,287000,2900800,90000
2243,Multiple buyers,2015,288600,2372700,348207.288
2248,Multiple buyers,2015,289100,2509000,49971.2
2248,Multiple buyers,2015,289100,2423000,50000
2271,Multiple buyers,2015,291400,2409300,22262.908
2273,Multiple buyers,2015,291600,2918600,137136.219
2284,Multiple buyers,2015,292500,2920600,4543
2294,Multiple buyers,2015,293200,2423000,6073.349
2294,Multiple buyers,2015,293200,2563900,30000
2295,Multiple buyers,2015,293300,2924100,18420.72
2312,One_buyer,2015,295000,2929400,40000
2325,Multiple buyers,2015,296100,166800,70575.402
2370,Multiple buyers,2015,300100,498500,44844.8
2370,Multiple buyers,2015,300100,604200,25677.432
2392,Multiple buyers,2015,302100,2946100,10802.88
2420,One_buyer,2015,304700,2954900,150000
2421,One_buyer,2015,304800,2314200,50000
2431,Multiple buyers,2015,305600,2406100,100000
2431,Multiple buyers,2015,305600,2419300,23973.27
2460,Multiple buyers,2015,307800,2509000,100000
2465,One_buyer,2015,308300,142600,30000
2484,Multiple buyers,2015,309500,2964500,9497.494
2512,Multiple buyers,2015,312300,2365400,25192
2517,Multiple buyers,2015,312700,350300,79635.695
2522,Multiple buyers,2015,313200,810500,75000
2546,Multiple buyers,2015,315400,2918600,576000
2549,Multiple buyers,2015,315700,2981700,12000
2555,Multiple buyers,2015,316300,623800,91068.912
2574,Multiple buyers,2015,318000,2473500,10000
2580,One_buyer,2015,318600,417100,30000
2603,Multiple buyers,2015,320800,2998200,51000
2603,Multiple buyers,2015,320800,1716900,98000
2603,Multiple buyers,2015,320800,2998600,46000
2603,Multiple buyers,2015,320800,2998700,26000
2603,Multiple buyers,2015,320800,2999000,15000
2604,Multiple buyers,2015,320900,2423000,50000
2622,Multiple buyers,2015,322000,2621200,24000
2628,Multiple buyers,2015,322600,3003500,2781.68
2649,Multiple buyers,2015,324600,3008500,430000
2649,Multiple buyers,2015,324600,3008600,4484.48
2649,Multiple buyers,2015,324600,3008700,142000
2650,Multiple buyers,2015,324700,2466400,39010.118
2657,Multiple buyers,2015,325200,3011000,55431.11
2665,Multiple buyers,2015,326000,498500,209373.6
2674,Multiple buyers,2015,326400,623300,10360.642
2675,Multiple buyers,2015,326500,2593300,30000
2679,Multiple buyers,2015,326900,111800,245000
2711,One_buyer,2015,329900,3020300,30000
2722,One_buyer,2015,330500,3021200,5291.794
2794,Multiple buyers,2015,335800,1394400,30000
2823,One_buyer,2015,338400,3040900,12537.763
2831,One_buyer,2015,339200,2584900,321000
2834,Multiple buyers,2015,339500,3043300,30000
2835,Multiple buyers,2015,339600,604200,4700.877
2836,Multiple buyers,2015,339700,186200,137251.2
2841,Multiple buyers,2015,340200,2998200,169525.546
2848,Multiple buyers,2015,340900,332600,84614.816
2849,Multiple buyers,2015,341000,943800,15662.909
2858,Multiple buyers,2015,341700,398700,49862.771
2888,Multiple buyers,2015,344100,3055200,20000
2895,Multiple buyers,2015,344800,3058300,14311.437
2934,Multiple buyers,2015,348400,3065900,30000
2934,Multiple buyers,2015,348400,3066000,24422.916
2934,Multiple buyers,2015,348400,3066100,30000
2934,Multiple buyers,2015,348400,3066200,30000
2942,Multiple buyers,2015,348900,2345300,180112.154
2952,Multiple buyers,2015,349800,3067800,49391.464
2968,Multiple buyers,2015,351400,3071000,50000
2971,,2015,351600,3073100,14928.9
2972,,2015,351600,2830000,84809.687
2997,Multiple buyers,2015,353700,3075900,23630.288
2998,Multiple buyers,2015,353800,2289400,190760.246
3009,Multiple buyers,2015,354800,3077800,50000
3020,Multiple buyers,2015,355600,3079200,85208.807
3032,Multiple buyers,2015,356800,3081900,17671.28
3083,Multiple buyers,2015,361600,3090700,48647.888
3094,Multiple buyers,2015,362600,3093600,200000
3103,Multiple buyers,2015,363500,3094800,17488.108
3103,Multiple buyers,2015,363500,3095800,30000
3128,Multiple buyers,2015,365800,3100500,150000
3168,Multiple buyers,2015,369500,516600,19186.15
3189,Multiple buyers,2015,370200,3109200,395.12
3195,Multiple buyers,2015,370800,2296600,100000
3195,Multiple buyers,2015,370800,3112700,17637.84
3211,Multiple buyers,2015,372400,754900,4000
3267,One_buyer,2015,377400,536300,3854.16
3302,Multiple buyers,2015,380300,2309500,17586.8
3302,Multiple buyers,2015,380300,3100500,55504.48
3311,Multiple buyers,2015,380900,3131900,8891.056
3326,Multiple buyers,2015,381900,178400,341174.146
3340,Multiple buyers,2015,383100,3140600,23223.739
3391,Multiple buyers,2015,388000,3150100,12823.156
3394,Multiple buyers,2015,388300,3154600,3820.36
3410,Multiple buyers,2015,389600,3158200,13000
3435,Multiple buyers,2015,391700,1984200,3349.928
3436,One_buyer,2015,391800,2314400,15000
3447,Multiple buyers,2015,392900,2473700,522.72
3449,Multiple buyers,2015,393100,3167000,2455.772
3476,One_buyer,2015,395700,2762500,5673.472
3486,One_buyer,2015,396500,3075900,29101.218
3498,Multiple buyers,2015,397700,2395300,19311.866
3514,Multiple buyers,2015,398800,3181000,1930.896
3547,Multiple buyers,2015,401900,349600,688.471
3559,One_buyer,2015,402900,2700600,8846.97
3560,Multiple buyers,2015,402900,2700600,13971.575
3560,Multiple buyers,2015,402900,3188200,21597.84
3580,Multiple buyers,2015,404500,3192000,30000
3623,Multiple buyers,2015,408500,2579300,4921.048
3631,Multiple buyers,2015,409000,3201900,588
3631,Multiple buyers,2015,409000,497400,32112.8
3679,Multiple buyers,2015,413000,2345300,285000
3679,Multiple buyers,2015,413000,1734200,79497.094
3688,Multiple buyers,2015,413900,3218200,50000
3759,Multiple buyers,2015,420500,3231100,100000
3759,Multiple buyers,2015,420500,3231800,42224.477
3768,Multiple buyers,2015,421300,475800,108348.532
3768,Multiple buyers,2015,421300,623800,55940.616
3768,Multiple buyers,2015,421300,2998700,95947.042
3777,Multiple buyers,2015,422200,2998200,300000
3778,One_buyer,2015,422300,3236200,4544.76
3782,Multiple buyers,2015,422700,2572800,10037.851
3795,Multiple buyers,2015,423900,3008500,47000
3808,One_buyer,2015,425200,481400,473636.653
3822,One_buyer,2015,426500,3248500,37569.736
3836,Multiple buyers,2015,427700,3249800,248925.424
3867,Multiple buyers,2015,430100,3257200,200000
3871,Multiple buyers,2015,430500,2802700,4021.6
3873,One_buyer,2015,430700,3259300,128048.8
3880,Multiple buyers,2015,431300,2674500,26771.019
3884,###,2015,431700,2385600,80521.856
3889,Multiple buyers,2015,432200,2918600,445202.56
3970,Multiple buyers,2015,440200,2296600,400000
3980,One_buyer,2015,441000,2802700,30000
3993,Multiple buyers,2015,442200,3277900,26410.778
3993,Multiple buyers,2015,442200,316900,12018.73
4006,Multiple buyers,2015,442900,349600,293293.297
4019,Multiple buyers,2015,444200,604200,4851
4031,Multiple buyers,2015,445000,3284700,111881.862
4077,###,2015,449200,2385600,30000
4085,Multiple buyers,2015,449900,3293800,20059.198
4085,Multiple buyers,2015,449900,3293900,3174.618
4095,Multiple buyers,2015,450300,166800,120000
4104,Multiple buyers,2015,451000,3295900,1025.64
4104,Multiple buyers,2015,451000,2744200,25905.968
4113,One_buyer,2015,451900,2584900,80000
4120,Multiple buyers,2015,452300,3302900,1000
4205,Multiple buyers,2015,459800,3318900,30000
4205,Multiple buyers,2015,459800,3319700,10925.64
4213,Multiple buyers,2015,460600,3321900,2160
4219,Multiple buyers,2015,461100,3323100,14531.394
4229,One_buyer,2015,462000,2857800,3438.05
4232,Multiple buyers,2015,462300,2509000,50000
4242,Multiple buyers,2015,463300,3327800,338.439
4242,Multiple buyers,2015,463300,3327900,277.2
4247,One_buyer,2015,463800,2314400,110000
4274,One_buyer,2015,466200,3337900,5628.48
4289,Multiple buyers,2015,467700,3340000,59000
4290,Multiple buyers,2015,467800,3340500,10454.4
4296,Multiple buyers,2015,468300,3158200,4644.384
4300,One_buyer,2015,468600,3345300,5865.6
4315,Multiple buyers,2015,470100,3347100,129325.68
4333,Multiple buyers,2015,471800,2521400,31046.18
4348,Multiple buyers,2015,472800,3353800,92000
4352,Multiple buyers,2015,473200,715000,17178.788
4380,One_buyer,2015,474800,3357900,1354.43
4394,,2015,476200,647200,4218.06
4398,One_buyer,2015,476300,3359500,300000
4402,One_buyer,2015,476300,2288500,392656
4447,Multiple buyers,2015,480300,3249800,283814.256
4454,Multiple buyers,2015,481000,387900,600000
4458,Multiple buyers,2015,481400,647200,189107.504
4474,###,2015,482700,2385600,200000
4489,Multiple buyers,2015,483600,3376500,21285.488
4491,Multiple buyers,2015,483800,3377300,4694.702
4493,Multiple buyers,2015,483900,3075900,46951.043
4493,Multiple buyers,2015,483900,3378600,473.153
4510,Multiple buyers,2015,485100,2700600,100000
4510,Multiple buyers,2015,485100,2646400,50000
4514,Multiple buyers,2015,485200,2345300,26000
4542,Multiple buyers,2015,487700,3384900,6665.12
4567,Multiple buyers,2015,489900,2509000,80000
4567,Multiple buyers,2015,489900,2423000,50000
4567,Multiple buyers,2015,489900,3388900,33415.591
4569,One_buyer,2015,489900,3389100,15087.963
4603,Multiple buyers,2015,492400,3075900,210605.536
4628,Multiple buyers,2015,494700,2918600,54376
4631,Multiple buyers,2015,495000,2509000,8177.755
4631,Multiple buyers,2015,495000,3398600,1672
4670,Multiple buyers,2015,498700,2415700,18382.056
4697,Multiple buyers,2015,500900,3406400,119632.392
4766,Multiple buyers,2015,507500,3416000,138000
4788,One_buyer,2015,509500,2918600,175838.542
4848,Multiple buyers,2015,514600,3424300,70981.695
4854,One_buyer,2015,515000,3008500,39607.694
4855,Multiple buyers,2015,515100,2584900,53662.096
4877,Multiple buyers,2015,517100,3435300,15505.785
4894,One_buyer,2015,518100,3438100,29421.742
4896,Multiple buyers,2015,518300,3438700,18573.245
4896,Multiple buyers,2015,518300,3439500,5000
4909,Multiple buyers,2015,519500,3441300,4438.648
4916,One_buyer,2015,520100,2791900,50000
4924,Multiple buyers,2015,520900,2998200,32000
4924,Multiple buyers,2015,520900,2289400,70807.334
4924,Multiple buyers,2015,520900,2998700,150000
4928,Multiple buyers,2015,521200,681400,46000
4939,Multiple buyers,2015,521800,2809300,17952
4939,Multiple buyers,2015,521800,3447000,11818.672
4948,Multiple buyers,2015,522700,3448700,3533.2
4972,Multiple buyers,2015,524900,2466400,29018.117
5004,One_buyer,2015,527800,3352700,20000
5028,Multiple buyers,2015,529700,2809300,27711.64
5060,Multiple buyers,2015,532600,2844300,38122.85
5086,Multiple buyers,2015,534800,332600,129000
5086,Multiple buyers,2015,534800,3479300,26198.955
5096,Multiple buyers,2015,535600,2289400,276724.24
5096,Multiple buyers,2015,535600,2998700,123000
5096,Multiple buyers,2015,535600,2063300,30000
5096,Multiple buyers,2015,535600,3482100,15196.933
5097,One_buyer,2015,535700,3482200,2417.219
5101,Multiple buyers,2015,536100,3482900,27625.365
5101,Multiple buyers,2015,536100,316900,120079.536
5101,Multiple buyers,2015,536100,605500,400000
5101,Multiple buyers,2015,536100,3483200,12320
5147,Multiple buyers,2015,540600,3490700,30000
5156,One_buyer,2015,541500,3491600,53873.876
5161,Multiple buyers,2015,541900,3492400,120000
5161,Multiple buyers,2015,541900,1118900,10000
5166,Multiple buyers,2015,542400,3493700,30000
5169,Multiple buyers,2015,542700,3031700,60000
5169,Multiple buyers,2015,542700,3359500,133018.6
5171,Multiple buyers,2015,542800,2296600,245589.538
5171,Multiple buyers,2015,542800,2409300,56901.709
5196,Multiple buyers,2015,545300,2441700,786.575
5196,Multiple buyers,2015,545300,2473500,20619.371
5196,Multiple buyers,2015,545300,880400,20681.499
5208,Multiple buyers,2015,546100,393700,42297.587
5208,Multiple buyers,2015,546100,909200,117646.754
5234,Multiple buyers,2015,548300,3438600,13915.345
5283,Multiple buyers,2015,552600,3515100,14809.475
5300,Multiple buyers,2015,554200,3233700,77000
5305,Multiple buyers,2015,554700,3519500,9734.56
5341,Multiple buyers,2015,558100,787500,24729.314
5351,Multiple buyers,2015,559100,111800,92778.4
5351,Multiple buyers,2015,559100,3420300,18548.2
5355,Multiple buyers,2015,559500,2674500,36690.48
5406,Multiple buyers,2015,563800,3538100,29621.399
5417,Multiple buyers,2015,564900,111800,400000
5417,Multiple buyers,2015,564900,783600,30368.8
5442,Multiple buyers,2015,567100,3544500,24145.44
5444,Multiple buyers,2015,567300,3544800,50000
5451,Multiple buyers,2015,568000,3547000,11157.124
5451,Multiple buyers,2015,568000,3548700,58909.95
5458,One_buyer,2015,568600,201500,10000
5486,Multiple buyers,2015,570900,3128800,1266.373
5486,Multiple buyers,2015,570900,2831200,12056.466
5491,Multiple buyers,2015,571400,2896800,101921.984
5502,Multiple buyers,2015,572500,2423000,49395.26
5533,Multiple buyers,2015,575200,3564800,651.2
5547,One_buyer,2015,576100,2473700,5217.914
5554,Multiple buyers,2015,576600,536300,366326.716
5557,Multiple buyers,2015,576900,3569000,2936.94
5560,Multiple buyers,2015,577200,2314200,160952.49
5564,Multiple buyers,2015,577600,3111500,31748.072
5577,Multiple buyers,2015,578900,2700600,6066.063
5591,Multiple buyers,2015,580000,3575000,20000
5612,Multiple buyers,2015,582100,574400,67200
5640,Multiple buyers,2015,584900,2509000,9215.684
5695,Multiple buyers,2015,590200,3008500,69000
5716,Multiple buyers,2015,592300,2423000,50000
5719,Multiple buyers,2015,592600,2918600,200000
5719,Multiple buyers,2015,592600,2515200,28024.162
5726,Multiple buyers,2015,593300,3438700,78033.931
5754,Multiple buyers,2015,595600,364200,93545.092
5754,Multiple buyers,2015,595600,3604200,350000
5764,Multiple buyers,2015,596500,3605300,10875.44
5788,###,2015,598200,2385600,6644.088
5800,One_buyer,2015,599200,3609600,36608
5805,Multiple buyers,2015,599600,3610700,12408.404
5856,Multiple buyers,2015,604400,3617600,30000
5858,One_buyer,2015,604600,3090700,3231.36
5859,Multiple buyers,2015,604700,1977400,7183.44
5877,Multiple buyers,2015,606300,3622600,30000
5881,Multiple buyers,2015,606700,142600,123000
5918,Multiple buyers,2015,610300,170600,116540.242
5918,Multiple buyers,2015,610300,3632500,5000
5925,One_buyer,2015,610900,3633100,7602
5982,Multiple buyers,2015,615700,3642300,94945.192
5982,Multiple buyers,2015,615700,3642500,92385.568
5987,Multiple buyers,2015,616200,336400,141955.64
6008,Multiple buyers,2015,618200,2424300,13159.268
6008,Multiple buyers,2015,618200,3086800,22067.067
6029,Multiple buyers,2015,619900,2536700,290391.782
6057,Multiple buyers,2015,622000,2623100,334660.36
6077,Multiple buyers,2015,623900,2515200,279764.265
6082,Multiple buyers,2015,624400,3657500,30000
6091,One_buyer,2015,625300,2791900,43163.008
6112,Multiple buyers,2015,627300,2509000,34349.05
6112,Multiple buyers,2015,627300,2700600,6638.45
6129,Multiple buyers,2015,629000,3663500,100000
6129,Multiple buyers,2015,629000,3663600,100000
6164,One_buyer,2015,632300,3666200,5000
6167,One_buyer,2015,632600,2424300,105288.515
6184,One_buyer,2015,634300,3667300,6294.503
6194,One_buyer,2015,635300,142600,40000
6196,Multiple buyers,2015,635500,3668300,29229.896
6205,Multiple buyers,2015,636400,111800,600000
6205,Multiple buyers,2015,636400,3671600,46101
6205,Multiple buyers,2015,636400,3671700,3461.6
6206,One_buyer,2015,636400,2918600,239000
6214,Multiple buyers,2015,637200,2837800,74776.24
6237,Multiple buyers,2015,639200,2281000,89760
6335,One_buyer,2015,648200,3352700,9000
6337,Multiple buyers,2015,648400,3685600,5838.096
6370,Multiple buyers,2015,650800,783600,254823.072
6371,Multiple buyers,2015,650900,2522800,239398.016
6380,Multiple buyers,2015,651600,664700,2151.088
6435,Multiple buyers,2015,656100,3075900,44848.065
6437,One_buyer,2015,656300,3241900,6936.672
6438,One_buyer,2015,656300,3695200,9156.9
6444,Multiple buyers,2015,656800,3696000,1428
6473,Multiple buyers,2015,659700,3577200,30000
6477,Multiple buyers,2015,660100,3375900,12911.872
6483,One_buyer,2015,660700,2314400,86493.783
6496,Multiple buyers,2015,662000,3704100,7273.926
6518,Multiple buyers,2015,663700,3616100,10644.48
6518,Multiple buyers,2015,663700,3707400,7772.16
6518,Multiple buyers,2015,663700,3707500,6000
6518,Multiple buyers,2015,663700,3707600,2481.6
6537,Multiple buyers,2015,665500,3075900,263392.8
6542,Multiple buyers,2015,665800,969400,7113.726
6581,One_buyer,2015,669400,3717400,16957.001
6603,Multiple buyers,2015,671300,3090700,22080
6610,Multiple buyers,2015,672000,3719900,5658.4
6636,One_buyer,2015,674300,2345300,8855.109
6637,Multiple buyers,2015,674300,2345300,29318.346
6660,Multiple buyers,2015,676300,3727100,53326.926
6699,One_buyer,2015,680000,659300,21253.95
6747,Multiple buyers,2015,684000,3739400,100000
6775,Multiple buyers,2015,686700,3743000,50000
6790,Multiple buyers,2015,688200,3745200,4405.36
6797,Multiple buyers,2015,688900,3747300,25080
6802,Multiple buyers,2015,689200,2509000,30000
6821,Multiple buyers,2015,691100,3753000,26359.52
6864,Multiple buyers,2015,695300,3758800,8554.48
6864,Multiple buyers,2015,695300,2700600,50000
6878,Multiple buyers,2015,696100,2428600,3000
6891,One_buyer,2015,697300,3763200,11971.313
6894,Multiple buyers,2015,697500,3764100,30000
6903,Multiple buyers,2015,697900,3765000,16652
6927,Multiple buyers,2015,700100,2842400,10661.816
6934,Multiple buyers,2015,700700,2314400,29400.026
6939,Multiple buyers,2015,701200,2521400,138598.742
6939,Multiple buyers,2015,701200,332600,98000
6947,Multiple buyers,2015,702000,3671600,6511.12
6947,Multiple buyers,2015,702000,3279700,8000
6947,Multiple buyers,2015,702000,3775100,6332.84
6951,One_buyer,2015,702200,2563900,1440.726
6965,Multiple buyers,2015,703500,2322200,11088
7043,Multiple buyers,2015,710900,3789200,52656.456
7066,Multiple buyers,2015,712300,3791200,15724.342
7068,Multiple buyers,2015,712400,142600,2904
7068,Multiple buyers,2015,712400,623800,20000
7068,Multiple buyers,2015,712400,3792000,20000
7090,Multiple buyers,2015,714600,2604700,36000
7092,Multiple buyers,2015,714800,2597100,190000
7092,Multiple buyers,2015,714800,383600,148221.48
7112,Multiple buyers,2015,716800,3329900,153013.282
7116,Multiple buyers,2015,717100,3600800,400000
7131,Multiple buyers,2015,718600,166800,20000
7167,Multiple buyers,2015,722000,3803900,2493.568
7236,Multiple buyers,2015,728400,1314300,18000
7257,Multiple buyers,2015,730500,3817500,42240
7266,One_buyer,2015,731300,3818500,50000
7393,Multiple buyers,2015,742400,929700,378891.477
7423,Multiple buyers,2015,745300,3327900,25399.44
7423,Multiple buyers,2015,745300,3388900,19432
7457,Multiple buyers,2015,748000,2521400,16016
7493,Multiple buyers,2015,751200,3851200,250000
7523,Multiple buyers,2015,754000,3090700,113779.116
7526,One_buyer,2015,754300,3854000,2800
7527,One_buyer,2015,754300,3854100,14243.042
7557,Multiple buyers,2015,756800,2466400,400000
7573,Multiple buyers,2015,758400,1030400,30000
7586,One_buyer,2015,759500,3864200,6463.44
7587,Multiple buyers,2015,759600,2509000,35000
7642,Multiple buyers,2015,764100,170600,157110.6
7643,Multiple buyers,2015,764200,3871000,5838.367
7650,Multiple buyers,2015,764900,2639300,50000
7656,One_buyer,2015,765500,3438700,40000
7689,Multiple buyers,2015,768800,354800,107419.28
7712,Multiple buyers,2015,771100,2321600,71000
7723,Multiple buyers,2015,772100,3883200,34582
7753,Multiple buyers,2015,775100,2674500,50000
7763,Multiple buyers,2015,775400,359700,13230.4
7772,One_buyer,2015,776300,2288500,150000
7782,One_buyer,2015,777300,3888800,10000
7821,One_buyer,2015,781000,3893100,30000
7822,One_buyer,2015,781000,3893200,30000
7829,Multiple buyers,2015,781600,3893700,14256
7902,One_buyer,2015,788300,2918600,34966.978
7916,One_buyer,2015,789400,3903900,33645.238
7917,Multiple buyers,2015,789500,349600,305000
7962,One_buyer,2015,793200,3087800,51141.901
7978,One_buyer,2015,794700,3864300,30000
8000,One_buyer,2015,796300,3913500,40000
8029,One_buyer,2015,799000,1299000,10000
8060,Multiple buyers,2015,801100,3920100,10813.876
8106,Multiple buyers,2015,805200,3329900,117031.904
8120,Multiple buyers,2015,806600,137200,1615.68
8125,Multiple buyers,2015,807100,2473500,10247.074
8134,Multiple buyers,2015,808000,2466400,600000
8137,Multiple buyers,2015,808200,687800,126007.48
8151,Multiple buyers,2015,809300,3934200,172000
8154,One_buyer,2015,809600,3934900,4000
8160,Multiple buyers,2015,810000,3935900,95171.67
8176,###,2015,811500,3938700,162800
8208,Multiple buyers,2015,814400,2335500,385176.097
8227,Multiple buyers,2015,816200,3945700,13000
8229,One_buyer,2015,816400,349600,71000
8262,Multiple buyers,2015,819400,861200,30000
8272,Multiple buyers,2015,820300,2685200,1865.88
8274,Multiple buyers,2015,820500,3090700,213856.776
8274,Multiple buyers,2015,820500,647200,81394.212
8285,###,2015,821400,2621200,233048.254
8304,Multiple buyers,2015,823300,3954400,22679.184
8305,Multiple buyers,2015,823400,3954600,240000
8305,Multiple buyers,2015,823400,3954700,240000
8311,Multiple buyers,2015,824000,2998200,20000
8311,Multiple buyers,2015,824000,2289400,64081.248
8311,Multiple buyers,2015,824000,2998700,94045.02
8312,One_buyer,2015,824000,2844300,100000
8329,Multiple buyers,2015,825700,3957800,10440.72
8351,Multiple buyers,2015,827900,623800,80000
8360,Multiple buyers,2015,828700,2570200,133000
8360,Multiple buyers,2015,828700,349600,97000
8362,Multiple buyers,2015,828900,2368700,50000
8362,Multiple buyers,2015,828900,2542100,59169.768
8368,,2015,829500,2842400,12874.4
8370,Multiple buyers,2015,829700,2521400,223000
8408,Multiple buyers,2015,833200,3075900,42000
8408,Multiple buyers,2015,833200,2658500,26000
8450,###,2015,837100,2385600,15183.872
8454,###,2015,837500,2385600,30069.688
8459,###,2015,837900,2385600,53834
8496,Multiple buyers,2015,841000,3982000,20000
8504,###,2015,841700,2385600,10766.492
8509,One_buyer,2015,842200,2428600,10000
8529,Multiple buyers,2015,844200,2314200,44516.56
8547,One_buyer,2015,845700,2335500,572000
8548,One_buyer,2015,845800,3075900,37000
8572,Multiple buyers,2015,848100,3994200,109010.087
8593,Multiple buyers,2015,850200,3997100,13744
8629,Multiple buyers,2015,853600,4001700,5521.384
8645,One_buyer,2015,855200,4003600,28977.568
8706,Multiple buyers,2015,860800,3249800,600000
8730,Multiple buyers,2015,862500,4012700,29335.886
8732,One_buyer,2015,862700,4014800,14000
8771,Multiple buyers,2015,866200,142600,337582.39
8778,Multiple buyers,2015,866800,4018800,26840
8829,Multiple buyers,2015,871200,4023700,38414.838
8836,One_buyer,2015,871900,4024500,30000
8837,Multiple buyers,2015,872000,4024700,33674.89
8838,Multiple buyers,2015,872100,2289900,22131.452
8846,Multiple buyers,2015,872800,2844300,400000
8846,Multiple buyers,2015,872800,623800,80000
8846,Multiple buyers,2015,872800,2289400,80000
8846,Multiple buyers,2015,872800,1901600,24959.363
8880,One_buyer,2015,875600,2570200,30400
8891,One_buyer,2015,876200,4033100,30000
8893,One_buyer,2015,876200,4033300,30000
8894,Multiple buyers,2015,876300,475800,300000
8917,One_buyer,2015,878400,1605300,19000
8947,Multiple buyers,2015,880900,4040800,15776
8955,Multiple buyers,2015,881500,4041900,5837.416
8955,Multiple buyers,2015,881500,3677200,11539.088
8955,Multiple buyers,2015,881500,4042100,12800.689
8967,One_buyer,2015,882600,2335500,4672.166
8974,Multiple buyers,2015,883300,4043600,21697.544
8980,Multiple buyers,2015,883900,394700,45754.086
9045,Multiple buyers,2015,889300,349600,138000
9052,One_buyer,2015,890000,2522800,30000
9055,Multiple buyers,2015,890200,3031700,27550.726
9068,Multiple buyers,2015,891500,4054900,17142.101
9074,One_buyer,2015,891900,4055800,30000
9099,One_buyer,2015,893700,2314400,94316.194
9105,Multiple buyers,2015,894300,4059000,10000
9110,One_buyer,2015,894800,2285600,40000
9156,Multiple buyers,2015,898700,4063500,24526.4
9168,Multiple buyers,2015,899700,4065700,10538.102
9168,Multiple buyers,2015,899700,4066500,27000
9168,Multiple buyers,2015,899700,4066900,11807.559
9189,Multiple buyers,2015,901800,4071500,80811.59
9199,One_buyer,2015,902400,3671700,2753.326
9201,One_buyer,2015,902400,3672000,1714.756
9224,One_buyer,2015,904300,4077600,1599.616
9262,One_buyer,2015,907800,3340000,7196.64
9284,Multiple buyers,2015,909800,3436400,30000
9287,Multiple buyers,2015,910100,717300,11000
9338,One_buyer,2015,914900,4093300,13581.577
9342,One_buyer,2015,915100,4093400,11081.92
9352,One_buyer,2015,915500,2296600,50000
9402,One_buyer,2015,919900,4101600,10000
9414,One_buyer,2015,920400,3677200,40000
9453,Multiple buyers,2015,923900,2438100,17844.71
9455,One_buyer,2015,923900,623800,13954.024
9471,Multiple buyers,2015,925500,2830000,33478.322
9486,Multiple buyers,2015,926900,1909300,29330
9486,Multiple buyers,2015,926900,4109400,6214.56
9518,Multiple buyers,2015,929900,2780700,60000
9556,Multiple buyers,2015,932600,4118200,20000
9556,Multiple buyers,2015,932600,2802900,94102.996
9564,One_buyer,2015,933400,4119300,11407.2
9587,Multiple buyers,2015,935300,2724900,5857.36
9613,Multiple buyers,2015,937400,4125900,7246.054
9613,Multiple buyers,2015,937400,797000,24115.746
9651,One_buyer,2015,940800,2443300,1660.56
9679,One_buyer,2015,943600,4132800,814.572
9689,One_buyer,2015,944300,2646400,18733.44
9693,Multiple buyers,2015,944600,426000,5000
9710,One_buyer,2015,946000,3420300,9689.176
9751,One_buyer,2015,949600,4141600,22056.06
9753,Multiple buyers,2015,949800,3312600,201344.101
9768,Multiple buyers,2015,951300,920600,25013.35
9775,Multiple buyers,2015,951900,4144700,2370.28
9786,Multiple buyers,2015,952800,4145900,10000
9789,Multiple buyers,2015,953100,3604200,47167.094
9789,Multiple buyers,2015,953100,1030400,12306.045
9811,One_buyer,2015,954900,4148400,11494.208
9812,One_buyer,2015,954900,4148500,8384.184
9904,One_buyer,2015,963100,214600,9929.936
9920,Multiple buyers,2015,964500,4157500,80080
9932,One_buyer,2015,965500,4159300,70607.198
9933,Multiple buyers,2015,965600,354300,79880
9933,Multiple buyers,2015,965600,3483200,120034.871
9964,Multiple buyers,2015,968500,2321600,68056.995
9964,Multiple buyers,2015,968500,4162100,25042.24
9964,Multiple buyers,2015,968500,2323100,35000
9980,One_buyer,2015,970100,4164000,50000
10003,Multiple buyers,2015,972400,4167100,5852
10039,Multiple buyers,2015,975400,4172100,48998.4
10041,One_buyer,2015,975500,4172500,26304.701
10042,One_buyer,2015,975500,4172600,30000
10051,One_buyer,2015,976200,3438700,23709.512
10058,Multiple buyers,2015,976800,4174000,10000
10078,One_buyer,2015,978100,3158200,30000
10091,Multiple buyers,2015,979400,1952200,9952.589
10097,One_buyer,2015,979900,2515200,39083.95
10116,One_buyer,2015,981500,3893200,30000
10146,One_buyer,2015,983500,2744400,2644.319
10167,Multiple buyers,2015,985200,394700,191752.578
10186,Multiple buyers,2015,987000,797200,5749.92
10190,One_buyer,2015,987400,4186600,258223.906
10219,One_buyer,2015,988900,3642300,30000
10229,###,2015,989500,3375400,76667.877
10250,Multiple buyers,2015,991400,3075900,48832
10250,Multiple buyers,2015,991400,2579300,31820.8
10271,Multiple buyers,2015,993400,4194000,27000
10328,One_buyer,2015,998800,4200200,50000
10396,Multiple buyers,2015,1005200,4207200,172656.767
10407,One_buyer,2015,1006000,3192000,5843.2
10444,One_buyer,2015,1009100,4211900,30000
10474,One_buyer,2015,1012000,4214300,7835.22
10481,Multiple buyers,2015,1012700,2640000,77182.441
10484,One_buyer,2015,1013000,4216400,15467.469
10485,Multiple buyers,2015,1013000,531100,65028.084
10510,One_buyer,2015,1015100,4218100,1852.5
10511,Multiple buyers,2015,1015200,186200,230400
10531,One_buyer,2015,1016700,4219900,11599
10536,One_buyer,2015,1017000,2321600,20000
10549,Multiple buyers,2015,1018200,2515200,69386.068
10720,Multiple buyers,2015,1032100,2423000,6677.137
10722,Multiple buyers,2015,1032300,4237600,20000
10736,Multiple buyers,2015,1033500,604200,600000
10748,One_buyer,2015,1034500,368500,78000
10751,Multiple buyers,2015,1034800,4240500,30000
10751,Multiple buyers,2015,1034800,4240600,29485.051
10755,Multiple buyers,2015,1035200,3011500,246000
10761,,2015,1035600,4241500,6652.8
10762,,2015,1035600,4241500,6539.4
10763,,2015,1035600,4241500,9843.68
10764,One_buyer,2015,1035600,4241500,7488
10772,Multiple buyers,2015,1036400,2584900,35370.169
10772,Multiple buyers,2015,1036400,4240600,22650.69
10795,Multiple buyers,2015,1038600,4244100,507967.721
10817,One_buyer,2015,1040700,797200,60000
10820,Multiple buyers,2015,1040800,4052400,50000
10820,Multiple buyers,2015,1040800,4246600,30000
10868,One_buyer,2015,1044300,4251200,30000
10869,One_buyer,2015,1044300,4251300,9314.8
10870,One_buyer,2015,1044300,4251400,9328
10933,One_buyer,2015,1049700,2515200,19000
10957,One_buyer,2015,1051300,4257000,60000
10958,Multiple buyers,2015,1051400,4257500,7287.094
10978,Multiple buyers,2015,1053200,273100,41171.768
10981,One_buyer,2015,1053300,4259900,50000
10993,One_buyer,2015,1053900,4262900,6692.4
11007,Multiple buyers,2015,1054600,2536700,148275.8
11040,Multiple buyers,2015,1057100,4266600,20356.16
11101,Multiple buyers,2015,1061700,4271000,30000
11136,One_buyer,2015,1065100,4273500,33639.601
11164,,2015,1067400,4276000,7715.323
11197,Multiple buyers,2015,1070500,319600,26556.27
11211,One_buyer,2015,1071900,4281300,40000
11226,Multiple buyers,2015,1073400,2862400,30000
11226,Multiple buyers,2015,1073400,783600,50000
11238,Multiple buyers,2015,1074400,4283900,10000
11246,Multiple buyers,2015,1075100,4284900,2255.676
11293,One_buyer,2015,1078600,4145900,10000
11299,Multiple buyers,2015,1079000,1299000,6297.016
11315,One_buyer,2015,1080200,2314400,335575.92
11325,One_buyer,2015,1081200,4292400,50000
11368,One_buyer,2015,1085200,3241900,665.28
11412,One_buyer,2015,1088800,4299800,4000
11414,One_buyer,2015,1089000,2288500,39015.168
11426,,2015,1089100,2700600,3056.977
11442,One_buyer,2015,1089600,4300400,30000
11445,Multiple buyers,2015,1089900,4300800,30000
11447,One_buyer,2015,1090100,4301000,30000
11470,One_buyer,2015,1092300,4302600,50000
11481,One_buyer,2015,1093300,4303500,21324.6
11498,One_buyer,2015,1094600,4305900,5000
11501,One_buyer,2015,1094900,2314400,80000
11538,,2015,1097800,2706500,42711.13
11577,,2015,1100500,2706500,47947.046
11593,One_buyer,2015,1101300,4315100,60000
11595,One_buyer,2015,1101400,3353800,40000
11613,One_buyer,2015,1102800,4316400,14400
11619,One_buyer,2015,1103200,4316900,10678.903
11652,One_buyer,2015,1106200,2954900,50000
11665,Multiple buyers,2015,1107400,4319800,2000
11665,Multiple buyers,2015,1107400,4320100,2877.6
11680,One_buyer,2015,1108900,336400,40000
11706,One_buyer,2015,1111500,3420300,21901.302
11720,,2015,1112700,2408400,19812.497
11751,One_buyer,2015,1114700,4012700,30000
11789,One_buyer,2015,1118400,4281300,27117.2
11800,Multiple buyers,2015,1119400,2744400,7967.632
11837,One_buyer,2015,1122800,2817200,16139.246
11862,One_buyer,2015,1124900,3233700,18531.84
11962,Multiple buyers,2015,1134200,2521400,77000
11969,One_buyer,2015,1134900,2640000,236068.8
11983,One_buyer,2015,1135800,4342200,4942.02
11993,One_buyer,2015,1136500,349600,32040.738
11997,Multiple buyers,2015,1136900,4345100,16581.523
11998,One_buyer,2015,1137000,349600,71938.32
12042,Multiple buyers,2015,1140700,2321600,16694.48
12130,One_buyer,2015,1148300,4353700,4360.576
12131,One_buyer,2015,1148400,3904500,3567.6
12143,One_buyer,2015,1149000,4354400,30000
12167,One_buyer,2015,1150900,2837800,82817.4
12168,,2015,1150900,2837800,11970.35
12191,One_buyer,2015,1153200,4358200,112000
12194,One_buyer,2015,1153200,4358400,30000
12203,Multiple buyers,2015,1154000,4359800,35845.296
12218,Multiple buyers,2015,1155400,2918600,50000
12221,,2015,1155700,2837800,7424.424
12222,One_buyer,2015,1155700,2837800,60186.4
12232,Multiple buyers,2015,1156400,387900,20777.504
12232,Multiple buyers,2015,1156400,4361700,37050.792
12232,Multiple buyers,2015,1156400,2415700,45823.008
12237,One_buyer,2015,1156900,2521400,12791.845
12243,Multiple buyers,2015,1157500,4363400,30000
12254,Multiple buyers,2015,1158100,3538100,13542.446
12290,Multiple buyers,2015,1160400,4367700,2622.4
12312,One_buyer,2015,1161700,4369600,5580.08
12355,One_buyer,2015,1164900,4372200,8911.531
12364,One_buyer,2015,1165200,2409300,60000
12415,One_buyer,2015,1169800,2574400,24616.432
12417,,2015,1170000,2837800,3813.04
12418,One_buyer,2015,1170000,2837800,617.76
12426,One_buyer,2015,1170800,4378200,32317.797
12433,Multiple buyers,2015,1171500,4379000,13376
12449,,2015,1173000,2335500,9152
12467,One_buyer,2015,1174600,2288500,53933.458
12472,One_buyer,2015,1175100,2314400,60000
12476,One_buyer,2015,1175400,3164100,3000
12491,Multiple buyers,2015,1176700,4383400,51000
12510,Multiple buyers,2015,1178500,2918600,39705.209
12511,One_buyer,2015,1178600,4148500,11497.2
12527,One_buyer,2015,1179800,4385400,9000
12531,One_buyer,2015,1180100,2918600,14907.28
12536,One_buyer,2015,1180500,4385900,10000
12575,One_buyer,2015,1183400,4207200,80000
12596,One_buyer,2015,1185000,3671700,10000
12620,One_buyer,2015,1186700,659300,20000
12647,One_buyer,2015,1189100,4392600,30000
12649,One_buyer,2015,1189300,4392700,390.6
12666,One_buyer,2015,1191000,2918600,11440
12680,One_buyer,2015,1192200,2314400,80000
12686,Multiple buyers,2015,1192500,3671600,1506.745
12722,One_buyer,2015,1195600,550500,51300.128
12725,One_buyer,2015,1195700,2918600,600000
12727,One_buyer,2015,1195900,2314400,43167.862
12730,One_buyer,2015,1196200,1766700,6000
12731,Multiple buyers,2015,1196300,2624700,137000
12734,Multiple buyers,2015,1196600,2918600,146220.8
12742,One_buyer,2015,1197400,4397300,30000
12743,Multiple buyers,2015,1197500,2918600,500000
12760,One_buyer,2015,1199000,4398400,8602.448
12774,Multiple buyers,2015,1200100,2918600,137590.777
12775,One_buyer,2015,1200200,3476400,8612.166
12776,One_buyer,2015,1200200,2288500,154121.726
12777,Multiple buyers,2015,1200300,4399300,4499.587
12783,One_buyer,2015,1200700,2918600,29733
12787,One_buyer,2015,1201100,2288500,100000
12794,One_buyer,2015,1201800,3717400,8226.664
12804,One_buyer,2015,1202800,3166800,20000
12811,One_buyer,2015,1203200,2751200,29000
12833,One_buyer,2015,1205100,349600,30000
12837,One_buyer,2015,1205500,2918600,243685.851
12848,One_buyer,2015,1206600,4404600,27110.864
12852,One_buyer,2015,1206900,2658500,20000
12905,One_buyer,2015,1212100,2584900,200000
12914,One_buyer,2015,1212900,349600,156000
12927,Multiple buyers,2015,1214200,349600,600000
12936,One_buyer,2015,1214700,4411200,12284.835
12958,One_buyer,2015,1216600,4412500,28032.4
12961,One_buyer,2015,1216800,4413100,18994.352
12981,One_buyer,2015,1218500,4415700,16000
12999,One_buyer,2015,1220100,3166800,30000
13045,One_buyer,2015,1224500,4420700,30000
13061,One_buyer,2015,1226100,4422800,4164.924
13083,,2015,1228000,2423000,12797.614
13084,,2015,1228000,2423000,7812.854
13115,Multiple buyers,2015,1230800,2372700,17837.6
13118,One_buyer,2015,1231100,3864300,6557.012
13128,Multiple buyers,2015,1232000,797000,135000
13142,Multiple buyers,2015,1233000,170600,6798.088
13142,Multiple buyers,2015,1233000,349600,50000
13142,Multiple buyers,2015,1233000,3548100,20000
13143,Multiple buyers,2015,1233100,298900,14000
13187,One_buyer,2015,1236700,3161600,19000
13193,One_buyer,2015,1237300,4088600,10264.32
13197,One_buyer,2015,1237600,4436400,1103.94
13205,One_buyer,2015,1238400,4436900,50000
13216,Multiple buyers,2015,1239500,111800,83567.555
13217,One_buyer,2015,1239600,4392700,36052.2
13222,One_buyer,2015,1240100,2847200,30000
13240,Multiple buyers,2015,1241300,1007500,50000
13243,One_buyer,2015,1241500,4440100,10000
13296,One_buyer,2015,1246000,2473500,16080.4
13303,One_buyer,2015,1246700,349600,39000
13317,Multiple buyers,2015,1248100,4447300,20477.248
13318,One_buyer,2015,1248200,4447500,43000
13319,Multiple buyers,2015,1248300,349600,31370.935
13351,One_buyer,2015,1251500,4452700,8296.8
13356,One_buyer,2015,1252000,170600,35060.432
13362,Multiple buyers,2015,1252600,3203600,28308.586
13362,Multiple buyers,2015,1252600,1035200,35566.44
13376,One_buyer,2015,1253800,2509000,40000
13385,One_buyer,2015,1254600,4455800,41000
13400,Multiple buyers,2016,1255600,108200,400000
13402,Multiple buyers,2016,101300,754900,10364.508
13404,Multiple buyers,2016,101700,1559000,557011.452
13406,Multiple buyers,2016,1255700,840200,479920.329
13412,Multiple buyers,2016,102500,2270900,209000
13418,Multiple buyers,2016,103200,910800,193543.275
13427,One_buyer,2016,1257200,759200,4764.56
13428,Multiple buyers,2016,104100,183700,932.395
13434,Multiple buyers,2016,104800,3977400,278567.616
13443,Multiple buyers,2016,105800,1412900,211963.842
13469,Multiple buyers,2016,108000,2296500,15127.182
13469,Multiple buyers,2016,108000,2297500,5339.136
13470,Multiple buyers,2016,108100,4465200,150000
13480,Multiple buyers,2016,108600,2301000,53993.57
13497,Multiple buyers,2016,109900,2310900,100000
13518,Multiple buyers,2016,112300,2419300,26844.56
13518,Multiple buyers,2016,112300,4471500,2920.896
13533,Multiple buyers,2016,113200,4472700,7000
13545,Multiple buyers,2016,114200,467400,22516.384
13550,Multiple buyers,2016,114800,4475100,80000
13559,Multiple buyers,2016,1263200,178400,83074.798
13577,Multiple buyers,2016,1264000,2314200,532055.616
13578,Multiple buyers,2016,1264100,1489000,69000
13593,,2016,1264500,4475800,5990.642
13602,One_buyer,2016,1265000,1258400,798351.817
13616,One_buyer,2016,1266000,3319600,800000
13643,Multiple buyers,2016,124200,2364500,30000
13646,Multiple buyers,2016,124600,2366400,19778.616
13650,Multiple buyers,2016,124900,2367300,9216
13677,One_buyer,2016,127800,4488800,40000
13681,Multiple buyers,2016,128100,178100,27235.201
13752,Multiple buyers,2016,1273600,2314200,319288.816
13771,Multiple buyers,2016,134600,320800,300000
13823,Multiple buyers,2016,1276100,531100,201977.6
13832,Multiple buyers,2016,138900,1417700,55000
13839,Multiple buyers,2016,139400,2396700,83076.465
13848,Multiple buyers,2016,140500,1089100,20517.648
13870,Multiple buyers,2016,141600,4511900,15940.719
13875,One_buyer,2016,141900,2685200,20000
13877,Multiple buyers,2016,142000,2306100,21841.6
13897,Multiple buyers,2016,1279600,2746900,7727.319
13920,Multiple buyers,2016,144600,355300,1013.76
13942,Multiple buyers,2016,147000,1901600,88000.334
13995,Multiple buyers,2016,1285700,4526900,2000
14041,One_buyer,2016,1287200,4534400,4004.154
14053,Multiple buyers,2016,156300,267000,188108.117
14069,Multiple buyers,2016,157500,2645800,6512
14073,Multiple buyers,2016,157600,4538500,99951.44
14075,One_buyer,2016,1289100,2288500,393678.56
14087,Multiple buyers,2016,158500,273100,22000
14087,Multiple buyers,2016,158500,2517900,154000
14090,Multiple buyers,2016,158800,2446200,21263.174
14093,Multiple buyers,2016,159000,391300,1717.64
14093,Multiple buyers,2016,159000,2519300,7952.465
14094,Multiple buyers,2016,159400,4541800,35498.443
14094,Multiple buyers,2016,159400,4046700,8000
14108,Multiple buyers,2016,160500,467400,46258.4
14149,Multiple buyers,2016,1293200,1899400,27177.8
14153,One_buyer,2016,164600,2533400,50000
14155,Multiple buyers,2016,164800,2534100,50000
14178,Multiple buyers,2016,1295400,2535100,200000
14179,Multiple buyers,2016,167500,499800,152000
14184,Multiple buyers,2016,167600,4554600,28189.392
14184,Multiple buyers,2016,167600,2544000,1820.614
14192,Multiple buyers,2016,168500,2535100,66306.31
14198,,2016,1296100,2288500,12435.5
14199,,2016,1296100,2288500,12250.7
14200,One_buyer,2016,1296100,2288500,11264
14264,Multiple buyers,2016,173700,2534100,50000
14264,Multiple buyers,2016,173700,2563900,30000
14296,Multiple buyers,2016,176900,496800,83000
14297,Multiple buyers,2016,1301800,4570000,50000
14297,Multiple buyers,2016,1301800,1981100,30000
14307,Multiple buyers,2016,1302400,4571000,200000
14336,Multiple buyers,2016,180500,4574300,18000
14336,Multiple buyers,2016,180500,855300,21053.702
14340,Multiple buyers,2016,180900,2590000,264.88
14373,Multiple buyers,2016,184300,349600,23472.68
14375,One_buyer,2016,1306100,3008600,224072.638
14404,One_buyer,2016,1307800,4581100,3873.485
14406,Multiple buyers,2016,187400,2258500,78764.135
14426,Multiple buyers,2016,189200,4583400,30000
14435,Multiple buyers,2016,189800,4585100,8607.932
14437,Multiple buyers,2016,190200,2701200,22947.082
14437,Multiple buyers,2016,190200,4585500,7426.365
14461,Multiple buyers,2016,192700,3604800,33773.775
14474,Multiple buyers,2016,193900,2624700,13135.289
14486,One_buyer,2016,194600,4591800,29596.908
14488,Multiple buyers,2016,1312300,4592700,1377.56
14543,One_buyer,2016,1315600,4598200,15870.426
14563,Multiple buyers,2016,200600,2534100,22103.84
14563,Multiple buyers,2016,200600,4600300,2320.8
14563,Multiple buyers,2016,200600,2645800,1472.944
14574,One_buyer,2016,1317400,2291000,37851.48
14578,Multiple buyers,2016,1317800,2972700,50000
14607,Multiple buyers,2016,204600,2321200,49054.16
14607,Multiple buyers,2016,204600,2321600,5280
14607,Multiple buyers,2016,204600,2419300,28713.256
14607,Multiple buyers,2016,204600,2323000,4039.2
14618,Multiple buyers,2016,1319700,4608300,14379.3
14622,Multiple buyers,2016,205700,2570900,34000
14630,Multiple buyers,2016,207000,4609000,81404.4
14651,Multiple buyers,2016,209100,1299000,25608.352
14663,Multiple buyers,2016,210400,2346400,15267.507
14678,Multiple buyers,2016,211500,2680200,53422.882
14709,Multiple buyers,2016,214200,4616200,30000
14724,One_buyer,2016,1326300,142600,24115.08
14746,Multiple buyers,2016,216800,2696600,30000
14756,Multiple buyers,2016,217800,4620100,171352.271
14759,Multiple buyers,2016,218000,2534100,50000
14768,Multiple buyers,2016,218600,561800,7955.399
14770,Multiple buyers,2016,219000,2534100,8000
14770,Multiple buyers,2016,219000,2509000,100000
14815,One_buyer,2016,1331100,4627000,9165.2
14845,Multiple buyers,2016,1333500,3128800,30000
14858,Multiple buyers,2016,225300,317400,5227.2
14863,Multiple buyers,2016,225600,1316900,222000
14863,Multiple buyers,2016,225600,2724500,206000
14863,Multiple buyers,2016,225600,827900,206000
14875,One_buyer,2016,1335200,4635500,5000
14876,Multiple buyers,2016,1335300,1068100,3470.896
14876,Multiple buyers,2016,1335300,4072400,3119.952
14903,Multiple buyers,2016,1336800,408900,44593.034
14916,One_buyer,2016,1338000,4638700,15000
14928,One_buyer,2016,1338900,4639400,3700.55
14956,Multiple buyers,2016,232400,2738700,14244.322
14956,Multiple buyers,2016,232400,2739300,23990.544
14966,Multiple buyers,2016,232900,2473700,26544.49
14975,Multiple buyers,2016,233000,2741500,67146.033
15002,One_buyer,2016,235300,4648000,20141.092
15011,Multiple buyers,2016,236200,354800,112575.882
15032,Multiple buyers,2016,238900,909900,100000
15044,Multiple buyers,2016,239400,2758400,13245.584
15045,Multiple buyers,2016,239500,4653900,12797.727
15054,One_buyer,2016,240700,4656000,30000
15073,Multiple buyers,2016,1346200,2424300,90448.37
15073,Multiple buyers,2016,1346200,4118200,20830.902
15073,Multiple buyers,2016,1346200,4659500,30000
15073,Multiple buyers,2016,1346200,4659600,13172.516
15073,Multiple buyers,2016,1346200,4659700,9154.684
15082,One_buyer,2016,242900,4660800,13243.438
15092,Multiple buyers,2016,244000,2776800,9853.699
15092,Multiple buyers,2016,244000,3711200,39000
15092,Multiple buyers,2016,244000,911400,103000
15100,Multiple buyers,2016,244900,2783500,11312.664
15100,Multiple buyers,2016,244900,2870500,58882.272
15123,Multiple buyers,2016,247300,2675000,2050.4
15127,Multiple buyers,2016,248100,536600,37869.525
15133,Multiple buyers,2016,248300,4667700,30000
15164,Multiple buyers,2016,252100,3212600,133000
15164,Multiple buyers,2016,252100,2439700,50000
15181,Multiple buyers,2016,254100,2419300,25277.032
15184,Multiple buyers,2016,254800,2321200,13353.296
15184,Multiple buyers,2016,254800,2419300,50000
15187,Multiple buyers,2016,255400,584800,204559.059
15198,One_buyer,2016,1354000,2780700,5856.24
15259,Multiple buyers,2016,1358300,4681400,240000
15273,One_buyer,2016,1359100,604200,200000
15324,One_buyer,2016,1362400,1785400,379961.218
15328,Multiple buyers,2016,266700,1068100,2948.205
15330,Multiple buyers,2016,1362800,4688300,12000
15332,Multiple buyers,2016,267100,2769000,60000
15332,Multiple buyers,2016,267100,3570600,300000
15332,Multiple buyers,2016,267100,4688500,74773.902
15339,Multiple buyers,2016,1363500,4266600,50000
15339,Multiple buyers,2016,1363500,4398400,7084
15362,Multiple buyers,2016,1364500,1865300,180000
15366,Multiple buyers,2016,1364800,4693300,48344.55
15366,Multiple buyers,2016,1364800,2439700,30000
15366,Multiple buyers,2016,1364800,4667700,50000
15367,Multiple buyers,2016,1364900,2515200,18231.224
15367,Multiple buyers,2016,1364900,2862400,6551.16
15384,Multiple buyers,2016,271600,2862300,127455.357
15387,One_buyer,2016,272000,2998300,344000
15388,Multiple buyers,2016,272000,344400,54924.276
15388,Multiple buyers,2016,272000,726100,1538.914
15403,Multiple buyers,2016,273200,4698700,30000
15414,Multiple buyers,2016,274100,2868800,11216.154
15418,Multiple buyers,2016,1368000,4659500,25000
15461,One_buyer,2016,1370700,2817200,25000
15465,Multiple buyers,2016,279100,4706300,30000
15467,Multiple buyers,2016,279200,4706800,85651.28
15467,Multiple buyers,2016,279200,4707100,37000
15505,Multiple buyers,2016,282300,4711700,78828.042
15570,Multiple buyers,2016,287200,4717100,170000
15584,Multiple buyers,2016,288700,796600,23000
15588,One_buyer,2016,1378400,4718900,23432.955
15590,Multiple buyers,2016,289100,2509000,64334.021
15590,Multiple buyers,2016,289100,3930900,30000
15590,Multiple buyers,2016,289100,4719200,21849.864
15651,Multiple buyers,2016,293800,2925300,295523.646
15699,Multiple buyers,2016,297600,4732100,10000
15723,Multiple buyers,2016,300000,122300,30731.675
15731,One_buyer,2016,1387600,4251200,30000
15758,Multiple buyers,2016,302500,2949000,100000
15763,Multiple buyers,2016,1389700,2703200,100000
15784,Multiple buyers,2016,304000,178300,3337.392
15784,Multiple buyers,2016,304000,2803500,3963.96
15873,Multiple buyers,2016,312500,2972700,9542.738
15880,Multiple buyers,2016,313200,4751700,30000
15884,One_buyer,2016,1396100,2999800,58116.96
15899,Multiple buyers,2016,1397100,245500,27473.015
15906,Multiple buyers,2016,315700,2624700,3114.408
15911,Multiple buyers,2016,1397900,4147700,24585.88
15932,One_buyer,2016,1399100,4757500,20000
15940,Multiple buyers,2016,319800,1299000,519821.896
15954,Multiple buyers,2016,321100,2999800,40000
15962,One_buyer,2016,1400700,920000,10100
15968,One_buyer,2016,1401300,3217100,22309.98
15990,Multiple buyers,2016,322800,633900,205263.567
15992,Multiple buyers,2016,322900,2746900,30000
16014,###,2016,324900,2957900,528504
16021,One_buyer,2016,1404600,2424300,20000
16038,One_buyer,2016,326900,2515200,68843.469
16062,Multiple buyers,2016,1407500,2473700,25969.738
16065,Multiple buyers,2016,329200,4770700,30000
16065,Multiple buyers,2016,329200,3401200,23072.28
16065,Multiple buyers,2016,329200,4770900,128799.36
16081,Multiple buyers,2016,330500,3675500,17783.219
16111,,2016,334700,3031700,6671.179
16112,,2016,334700,3031700,11133.264
16117,One_buyer,2016,335200,3570600,11238.241
16130,One_buyer,2016,1411800,1785400,124000
16171,Multiple buyers,2016,339500,4784300,36000
16175,Multiple buyers,2016,339600,604200,20557.533
16178,Multiple buyers,2016,339700,186200,119592
16178,Multiple buyers,2016,339700,2642000,62914.014
16226,Multiple buyers,2016,344800,4790500,6906.186
16235,One_buyer,2016,345500,2258500,100000
16238,Multiple buyers,2016,1418200,4792000,16401.15
16252,Multiple buyers,2016,347400,3063200,234000
16262,Multiple buyers,2016,348400,4795500,30000
16262,Multiple buyers,2016,348400,4284900,30000
16281,Multiple buyers,2016,349800,2536700,121232.91
16293,Multiple buyers,2016,350700,3069500,33414.886
16301,Multiple buyers,2016,351400,886000,40748.32
16303,Multiple buyers,2016,351600,2534100,33939.057
16311,Multiple buyers,2016,352200,1417700,54040.49
16337,Multiple buyers,2016,353800,3076200,200000
16345,Multiple buyers,2016,354700,1901600,87562.149
16356,Multiple buyers,2016,355600,3079200,53435.8
16369,Multiple buyers,2016,1425500,811100,100000
16382,Multiple buyers,2016,1426300,2972700,122669.958
16395,Multiple buyers,2016,358200,2999800,900000
16408,Multiple buyers,2016,359500,3086800,50941.789
16408,Multiple buyers,2016,359500,4284900,20000
16523,Multiple buyers,2016,370200,4823200,9289.949
16523,Multiple buyers,2016,370200,2455900,5595.128
16523,Multiple buyers,2016,370200,4823300,9192.656
16523,Multiple buyers,2016,370200,4517200,40883.33
16523,Multiple buyers,2016,370200,4707100,1379.4
16523,Multiple buyers,2016,370200,4823800,16194.585
16533,Multiple buyers,2016,370600,916600,68827.378
16539,Multiple buyers,2016,371000,3113300,4977.676
16552,Multiple buyers,2016,1436300,3132400,11136.878
16565,Multiple buyers,2016,374700,604200,30499.659
16571,One_buyer,2016,1437500,4358200,100000
16572,Multiple buyers,2016,1437500,1665400,87661.863
16572,Multiple buyers,2016,1437500,2803500,126197.262
16596,Multiple buyers,2016,377400,536300,69000
16597,Multiple buyers,2016,1438700,2296600,336416.062
16597,Multiple buyers,2016,1438700,2769000,80256.669
16597,Multiple buyers,2016,1438700,3570600,67837.686
16597,Multiple buyers,2016,1438700,4831800,8663.407
16616,Multiple buyers,2016,1440000,317700,50000
16676,One_buyer,2016,1444000,4839700,5031.456
16709,Multiple buyers,2016,384800,2842700,302000
16714,One_buyer,2016,385400,4843500,31570
16748,Multiple buyers,2016,388000,4848900,30000
16748,Multiple buyers,2016,388000,2646300,29941.998
16748,Multiple buyers,2016,388000,4849100,3691.329
16756,Multiple buyers,2016,388900,4850000,4000
16792,Multiple buyers,2016,391700,1984200,2236.96
16802,Multiple buyers,2016,392900,2534100,50000
16802,Multiple buyers,2016,392900,2509600,2550.92
16817,Multiple buyers,2016,1452500,2741500,67629.853
16822,,2016,1452700,4475800,10490.48
16824,Multiple buyers,2016,394500,2446200,311897.076
16836,Multiple buyers,2016,395200,4859400,50000
16848,Multiple buyers,2016,396400,144600,30026.436
16871,Multiple buyers,2016,398800,4865400,20000
16874,One_buyer,2016,1455500,2491200,40000
16875,One_buyer,2016,1455500,2862400,18962.988
16891,Multiple buyers,2016,1456600,703500,393219.2
16915,Multiple buyers,2016,402900,3072600,8000
16931,Multiple buyers,2016,1458900,186200,50000
16938,One_buyer,2016,1459400,2491200,4710.76
16940,One_buyer,2016,1459600,4872400,22392.92
16941,One_buyer,2016,1459600,4598200,9974.94
16955,Multiple buyers,2016,407000,2957900,500000
16978,Multiple buyers,2016,408800,178100,13528.46
16981,Multiple buyers,2016,409000,381000,1050
16981,Multiple buyers,2016,409000,4875900,55000
16995,Multiple buyers,2016,410300,3132400,7066.732
16995,Multiple buyers,2016,410300,4877500,1508.216
16997,One_buyer,2016,1462700,4877800,30000
17066,Multiple buyers,2016,416700,2534100,3000
17084,Multiple buyers,2016,417800,142600,29470.32
17084,Multiple buyers,2016,417800,4885000,2000.8
17088,Multiple buyers,2016,1467900,4885400,423.68
17088,Multiple buyers,2016,1467900,4886200,16280
17110,Multiple buyers,2016,1468800,1665400,73858.4
17112,Multiple buyers,2016,420500,3231800,80000
17130,Multiple buyers,2016,1470100,703000,200000
17136,Multiple buyers,2016,423400,4528900,13760.032
17142,One_buyer,2016,1470700,4892500,6801.888
17147,One_buyer,2016,1470900,2738700,4713.075
17170,Multiple buyers,2016,1472500,715000,1746.844
17184,Multiple buyers,2016,426900,2534100,50000
17184,Multiple buyers,2016,426900,4897500,50000
17220,Multiple buyers,2016,1474500,3896300,75166.5
17220,Multiple buyers,2016,1474500,3920100,56319.148
17220,Multiple buyers,2016,1474500,3086800,42288.532
17225,Multiple buyers,2016,430500,4903900,6000
17228,One_buyer,2016,1475000,4904400,20000
17230,Multiple buyers,2016,1475200,2291000,47000
17283,Multiple buyers,2016,435800,604200,164170
17289,One_buyer,2016,1478900,317700,10000
17295,Multiple buyers,2016,437000,4911200,10000
17298,Multiple buyers,2016,1479500,2419300,47833.308
17298,Multiple buyers,2016,1479500,4431000,7968.576
17298,Multiple buyers,2016,1479500,2420400,111270.465
17306,Multiple buyers,2016,438100,2419300,50000
17313,Multiple buyers,2016,1480700,3492400,40000
17318,Multiple buyers,2016,440200,4914300,90000
17324,Multiple buyers,2016,1481200,4915600,9839.572
17330,Multiple buyers,2016,441700,3043800,12107.04
17336,Multiple buyers,2016,442100,2632500,3306.996
17339,Multiple buyers,2016,442200,3277900,49126.941
17339,Multiple buyers,2016,442200,316900,31350.804
17381,One_buyer,2016,1484900,4920600,25080
17403,Multiple buyers,2016,445700,1713300,500000
17414,Multiple buyers,2016,446900,855300,11228.8
17414,Multiple buyers,2016,446900,4924300,30000
17436,One_buyer,2016,1487700,2632500,7000
17532,Multiple buyers,2016,455500,4936300,23885.629
17551,Multiple buyers,2016,1494900,4937700,200000
17568,One_buyer,2016,458900,2258500,223239.72
17580,Multiple buyers,2016,459800,3669100,100000
17588,One_buyer,2016,1497300,2412400,10395
17624,Multiple buyers,2016,1499300,4947400,256283.192
17639,Multiple buyers,2016,1499500,3937300,2663.32
17645,Multiple buyers,2016,1499900,703000,152637.804
17645,Multiple buyers,2016,1499900,3106100,129000
17664,Multiple buyers,2016,1501000,667800,199418.24
17664,Multiple buyers,2016,1501000,2746900,30000
17665,Multiple buyers,2016,467200,2285800,50000
17672,Multiple buyers,2016,467700,3279800,48407
17729,One_buyer,2016,1505200,144000,110677.6
17739,Multiple buyers,2016,472800,979900,18992.8
17739,Multiple buyers,2016,472800,4957900,13730.96
17766,Multiple buyers,2016,1507200,177500,29779.306
17817,One_buyer,2016,1510700,4688300,20814.234
17843,Multiple buyers,2016,481000,387900,600000
17868,Multiple buyers,2016,482800,1417700,31517.131
17880,###,2016,483400,3375400,87411.37
17933,Multiple buyers,2016,1517400,4976600,30000
17934,Multiple buyers,2016,487700,4977200,20000
17945,Multiple buyers,2016,488700,2624700,78406.886
17960,Multiple buyers,2016,489900,2509000,80000
17971,One_buyer,2016,490200,381000,4295.592
17984,One_buyer,2016,1519800,4981700,849
18018,Multiple buyers,2016,495000,2509000,50000
18028,Multiple buyers,2016,496300,4985600,11895.28
18041,Multiple buyers,2016,497800,3401700,120000
18052,Multiple buyers,2016,498700,855300,50000
18077,One_buyer,2016,1525300,4989800,4504.5
18082,Multiple buyers,2016,501500,2296600,140000
18118,Multiple buyers,2016,1527600,421600,449847.765
18118,Multiple buyers,2016,1527600,699500,62313
18148,One_buyer,2016,1530100,3631100,40000
18154,Multiple buyers,2016,1530500,2321200,50000
18154,Multiple buyers,2016,1530500,4585400,38907.642
18184,Multiple buyers,2016,1532300,3727100,315454.757
18185,One_buyer,2016,1532300,2288500,10023.995
18202,Multiple buyers,2016,1533700,1708400,40436
18206,Multiple buyers,2016,513000,3401200,52396.632
18219,Multiple buyers,2016,1534700,2904600,100000
18231,One_buyer,2016,515000,3008500,42005.353
18254,Multiple buyers,2016,1537000,4697000,4308.401
18279,Multiple buyers,2016,518300,3438600,25000
18279,Multiple buyers,2016,518300,3439600,10670.528
18279,Multiple buyers,2016,518300,5011300,16413.795
18283,One_buyer,2016,518300,2178800,12608.748
18320,Multiple buyers,2016,521200,3444600,12676.708
18324,Multiple buyers,2016,521800,4659200,30000
18332,Multiple buyers,2016,1541700,244600,41281.388
18333,Multiple buyers,2016,522300,5018400,22880
18379,Multiple buyers,2016,524900,2461300,10000
18391,Multiple buyers,2016,525800,597600,25000
18425,One_buyer,2016,1547300,2333500,10000
18449,Multiple buyers,2016,1548500,4313900,92000
18453,Multiple buyers,2016,531200,2999800,300000
18477,Multiple buyers,2016,1550100,5032300,30000
18486,Multiple buyers,2016,534400,2419300,14826.856
18486,Multiple buyers,2016,534400,4585400,10000
18486,Multiple buyers,2016,534400,2322500,6483.84
18576,Multiple buyers,2016,542400,3063200,400000
18594,Multiple buyers,2016,1556900,5045500,13443.392
18601,Multiple buyers,2016,1557600,3427100,190000
18614,Multiple buyers,2016,546100,393700,48953.693
18614,Multiple buyers,2016,546100,909200,7238.246
18616,Multiple buyers,2016,546400,3499400,120000
18633,Multiple buyers,2016,548300,3438600,18079.012
18655,Multiple buyers,2016,550400,499800,150000
18668,Multiple buyers,2016,1562400,1299000,38980.656
18700,Multiple buyers,2016,1564700,720300,50000
18716,Multiple buyers,2016,1565700,1327900,30000
18738,One_buyer,2016,1567100,4648100,24953.915
18740,Multiple buyers,2016,557400,273700,118000
18767,One_buyer,2016,1568800,1394400,40000
18769,Multiple buyers,2016,559100,111800,152754.8
18769,Multiple buyers,2016,559100,349600,34795.2
18787,Multiple buyers,2016,560100,1781000,43808
18793,Multiple buyers,2016,560600,3528500,600000
18832,Multiple buyers,2016,1573200,5071900,15415.654
18837,One_buyer,2016,563800,3538100,1861.364
18846,Multiple buyers,2016,564900,1068100,9867.52
18852,Multiple buyers,2016,565600,3541200,19180.392
18864,One_buyer,2016,566600,2288500,217634.947
18878,Multiple buyers,2016,568000,245500,450000
18878,Multiple buyers,2016,568000,258600,20154.368
18878,Multiple buyers,2016,568000,408900,60000
18920,Multiple buyers,2016,570900,2534100,987.722
18920,Multiple buyers,2016,570900,2509000,16000
18920,Multiple buyers,2016,570900,2563900,30000
18922,Multiple buyers,2016,571100,597400,5891.856
18930,Multiple buyers,2016,572000,5011300,12506.666
18953,Multiple buyers,2016,1580300,686200,222913.04
18986,Multiple buyers,2016,1582500,481400,400000
18986,Multiple buyers,2016,1582500,5083500,100000
18993,Multiple buyers,2016,576100,2473700,8822.336
19008,Multiple buyers,2016,1583300,5086000,23000
19021,Multiple buyers,2016,578500,2998900,30000
19021,Multiple buyers,2016,578500,5087300,10000
19059,Multiple buyers,2016,1587200,4792900,240000
19065,Multiple buyers,2016,1587700,2600200,100000
19078,One_buyer,2016,1588700,551000,22943.823
19079,One_buyer,2016,1588700,2758400,8190.8
19102,Multiple buyers,2016,1590100,5096900,5000
19133,Multiple buyers,2016,586300,3679800,28000
19147,Multiple buyers,2016,1593000,1327900,52000
19192,Multiple buyers,2016,1595600,5106600,1568.16
19207,Multiple buyers,2016,593000,5108800,70913.005
19234,Multiple buyers,2016,1598200,916600,280879.369
19240,Multiple buyers,2016,595200,3602200,633.6
19243,Multiple buyers,2016,595600,364200,356237.244
19265,One_buyer,2016,598100,3128800,13000
19268,One_buyer,2016,1600200,111800,202549.213
19342,Multiple buyers,2016,604400,5123200,2876.412
19342,Multiple buyers,2016,604400,5123300,10652.84
19348,One_buyer,2016,1605000,2999800,10908.48
19379,Multiple buyers,2016,607800,2502200,33719.576
19396,Multiple buyers,2016,609200,5128000,10604.221
19396,Multiple buyers,2016,609200,5128100,37000
19396,Multiple buyers,2016,609200,3153400,2149.376
19397,Multiple buyers,2016,609400,3631100,73021.761
19399,Multiple buyers,2016,609900,1507100,9000
19399,Multiple buyers,2016,609900,3632000,33329.017
19440,One_buyer,2016,1611200,2419300,10669.34
19464,,2016,615400,2420400,12344.64
19496,Multiple buyers,2016,618200,3645700,1436.424
19496,Multiple buyers,2016,618200,3086800,6195.2
19496,Multiple buyers,2016,618200,4903900,50000
19514,Multiple buyers,2016,619900,2536700,200000
19554,Multiple buyers,2016,623400,557300,3568.88
19554,Multiple buyers,2016,623400,3656000,19766.44
19559,Multiple buyers,2016,623900,2862400,31000
19561,Multiple buyers,2016,1618900,2515200,17467.041
19598,Multiple buyers,2016,627300,2509000,4191.304
19614,Multiple buyers,2016,629000,3663500,102069.44
19614,Multiple buyers,2016,629000,3307200,38607.204
19619,Multiple buyers,2016,1622700,3465700,395000
19634,Multiple buyers,2016,1623600,783600,50000
19638,One_buyer,2016,1624000,2346400,12995.798
19644,Multiple buyers,2016,631200,2515200,9337.152
19644,Multiple buyers,2016,631200,783600,884.048
19689,Multiple buyers,2016,636400,4072300,2010.8
19689,Multiple buyers,2016,636400,3279700,14267
19694,One_buyer,2016,1627600,5154200,30000
19737,One_buyer,2016,1631000,481400,497804.201
19745,Multiple buyers,2016,639200,539100,15000
19793,One_buyer,2016,1634400,5162600,13248.444
19801,One_buyer,2016,1635100,3762400,50000
19836,Multiple buyers,2016,645300,2491200,103695.926
19907,Multiple buyers,2016,1642900,754900,18216
19908,Multiple buyers,2016,1643000,320800,237838.04
19910,One_buyer,2016,1643200,868900,3197.029
19912,Multiple buyers,2016,650900,3654500,136970.944
19932,One_buyer,2016,651400,2534100,4407.83
19933,One_buyer,2016,651400,5174000,10000
19936,Multiple buyers,2016,651600,1412900,376075.348
19942,Multiple buyers,2016,652100,3663600,137161.6
19959,Multiple buyers,2016,653200,2289400,36000
19959,Multiple buyers,2016,653200,3743000,38263.441
19964,One_buyer,2016,1646500,5176200,18438.8
19973,One_buyer,2016,1647400,3954600,25000
20061,Multiple buyers,2016,662000,3356400,1911.446
20061,Multiple buyers,2016,662000,3704200,3370.443
20070,One_buyer,2016,1653800,5185100,23638.851
20085,Multiple buyers,2016,1655300,5187100,126462.21
20087,Multiple buyers,2016,663100,2955000,109200
20091,One_buyer,2016,1655400,4404700,50000
20111,Multiple buyers,2016,665800,3711500,100000
20139,One_buyer,2016,669400,3717400,14150.117
20155,Multiple buyers,2016,672200,3277900,32000
20158,One_buyer,2016,1659400,5194600,32955.335
20175,Multiple buyers,2016,1660600,5197200,2754.568
20185,One_buyer,2016,674800,5198200,19000
20209,Multiple buyers,2016,1662900,3340500,93671.6
20220,Multiple buyers,2016,1663600,1480900,236800
20221,Multiple buyers,2016,1663700,2322500,54013.96
20221,Multiple buyers,2016,1663700,4174000,30000
20280,Multiple buyers,2016,1668200,434300,73000
20296,One_buyer,2016,1669400,5210100,1235.52
20308,Multiple buyers,2016,684000,5211100,32955.832
20328,One_buyer,2016,1671200,3439500,4597.669
20344,One_buyer,2016,686700,2289400,10000
20345,Multiple buyers,2016,686700,2406100,100000
20345,Multiple buyers,2016,686700,774000,200000
20345,Multiple buyers,2016,686700,3679800,30000
20356,Multiple buyers,2016,1673200,2645800,2842.4
20367,Multiple buyers,2016,689200,2509000,50000
20387,Multiple buyers,2016,690700,3063200,350000
20419,Multiple buyers,2016,693300,5223000,8392.824
20438,Multiple buyers,2016,695300,3649100,352
20456,Multiple buyers,2016,696500,2419300,30000
20456,Multiple buyers,2016,696500,4585400,1274.24
20456,Multiple buyers,2016,696500,2323000,4362.494
20478,Multiple buyers,2016,1681000,5226600,30000
20496,One_buyer,2016,1682300,2439700,30000
20532,Multiple buyers,2016,702000,2515900,4918.32
20535,Multiple buyers,2016,702100,5232500,55000
20536,One_buyer,2016,1685000,2621200,6766.723
20538,One_buyer,2016,702200,2563900,22986.299
20547,Multiple buyers,2016,702500,5234500,1377.552
20637,One_buyer,2016,1692400,3604200,30000
20683,Multiple buyers,2016,1695700,5247400,2000
20709,Multiple buyers,2016,712800,1467300,87377.462
20709,Multiple buyers,2016,712800,3711200,25000
20709,Multiple buyers,2016,712800,911400,71089.92
20725,One_buyer,2016,713500,3679800,10023.79
20726,Multiple buyers,2016,713500,3679800,20544.638
20726,Multiple buyers,2016,713500,5253100,3315.746
20745,Multiple buyers,2016,715100,122400,194603.53
20745,Multiple buyers,2016,715100,3083000,6532.24
20754,One_buyer,2016,1700800,2178800,10000
20826,Multiple buyers,2016,722200,3804800,34856
20861,Multiple buyers,2016,1708300,474500,10430.64
20877,Multiple buyers,2016,1709400,3511100,16000
20904,One_buyer,2016,727300,2610300,14000
20913,One_buyer,2016,1712100,5268800,10000
20922,Multiple buyers,2016,1712700,1258400,20110.86
20925,Multiple buyers,2016,729300,1096200,99764.52
20929,One_buyer,2016,729800,2536700,39000
20961,Multiple buyers,2016,733200,320800,400000
20961,Multiple buyers,2016,733200,3711200,28727.371
21006,Multiple buyers,2016,738700,177500,38578.76
21049,Multiple buyers,2016,742900,595100,76224.632
21077,One_buyer,2016,1723300,5283200,3000
21111,Multiple buyers,2016,1725200,916400,134198.318
21153,Multiple buyers,2016,751200,595100,120000
21171,Multiple buyers,2016,752300,5291900,15726.624
21171,Multiple buyers,2016,752300,5292000,8593.119
21224,Multiple buyers,2016,1731900,5297900,677.556
21253,One_buyer,2016,1733800,3711200,5289.2
21255,One_buyer,2016,1734000,3480100,3780.7
21261,Multiple buyers,2016,759600,2534100,80000
21261,Multiple buyers,2016,759600,2509000,35000
21310,Multiple buyers,2016,762700,408900,43356.443
21389,One_buyer,2016,1743800,2999800,23586.12
21397,Multiple buyers,2016,768800,354800,142703.008
21408,Multiple buyers,2016,769700,408900,40645.66
21417,Multiple buyers,2016,771100,2419300,41000
21417,Multiple buyers,2016,771100,2323000,19514
21447,Multiple buyers,2016,775100,2509000,26000
21458,Multiple buyers,2016,1748000,5317600,47437.904
21458,Multiple buyers,2016,1748000,5317800,58218.578
21473,Multiple buyers,2016,1748900,387900,418952.664
21501,Multiple buyers,2016,779500,855300,44000
21551,One_buyer,2016,1754400,2999800,97567.36
21553,One_buyer,2016,1754600,312100,27165.388
21558,Multiple buyers,2016,784000,3896300,40000
21566,Multiple buyers,2016,784200,1102400,5913.6
21601,Multiple buyers,2016,1757700,111800,24000
21680,Multiple buyers,2016,794900,5333700,28684.29
21682,Multiple buyers,2016,795400,2925300,65000
21687,One_buyer,2016,1763500,2624500,40000
21757,Multiple buyers,2016,1767400,2259700,50000
21779,Multiple buyers,2016,1769100,5174800,34000
21790,Multiple buyers,2016,805600,5344100,50000
21794,Multiple buyers,2016,806400,4409500,85000
21803,Multiple buyers,2016,1770600,5345300,9257.424
21806,Multiple buyers,2016,807300,478400,600000
21806,Multiple buyers,2016,807300,5345800,16725.389
21806,Multiple buyers,2016,807300,5346000,27453.439
21832,Multiple buyers,2016,809100,2534100,30258.835
21844,Multiple buyers,2016,1773100,5350000,30000
21896,Multiple buyers,2016,814100,5354400,100000
21909,One_buyer,2016,1776600,5355700,30000
21923,One_buyer,2016,1777600,916600,13470.4
21935,Multiple buyers,2016,818700,181200,31065.847
21983,One_buyer,2016,1782400,4839700,4434.476
22041,Multiple buyers,2016,826200,2509000,5810.998
22089,One_buyer,2016,1789400,5370800,29637.615
22139,Multiple buyers,2016,833200,365000,1278.56
22148,Multiple buyers,2016,1793800,4744700,32518.482
22163,Multiple buyers,2016,1795100,5377900,28000
22163,Multiple buyers,2016,1795100,2519300,5600
22176,One_buyer,2016,1796100,5380000,24327.512
22218,Multiple buyers,2016,840200,3981200,450000
22246,Multiple buyers,2016,842100,320800,95000
22246,Multiple buyers,2016,842100,3983600,78892.962
22306,Multiple buyers,2016,1805200,1727300,40033.52
22306,Multiple buyers,2016,1805200,1095400,14000
22308,One_buyer,2016,848200,2803500,15159.98
22344,One_buyer,2016,1807800,282900,50000
22354,Multiple buyers,2016,1808500,3340500,524000
22438,One_buyer,2016,861400,3362700,23637.071
22443,One_buyer,2016,861700,3086800,25391.136
22455,Multiple buyers,2016,1814400,5403000,12026.96
22456,Multiple buyers,2016,862500,4659500,2249.632
22475,Multiple buyers,2016,1815500,3654500,128612.884
22481,One_buyer,2016,1816100,2446200,15000
22493,Multiple buyers,2016,1816900,5406800,74316.289
22506,Multiple buyers,2016,1817900,3128800,30000
22521,Multiple buyers,2016,1819000,3043800,46000
22522,One_buyer,2016,1819100,5409500,30000
22574,Multiple buyers,2016,872800,920000,102652.861
22575,One_buyer,2016,1822700,2484300,10000
22590,One_buyer,2016,873800,3240500,18380.59
22592,Multiple buyers,2016,873800,2787300,50000
22595,Multiple buyers,2016,874000,5417000,23000
22611,Multiple buyers,2016,875700,142600,163992.11
22611,Multiple buyers,2016,875700,2366400,1591.515
22617,Multiple buyers,2016,876300,920000,47709.541
22640,Multiple buyers,2016,879000,1719800,253.44
22651,Multiple buyers,2016,880100,2955900,30000
22654,Multiple buyers,2016,1828100,5422300,6010.763
22657,Multiple buyers,2016,1828400,5422900,47226.67
22697,Multiple buyers,2016,1831300,467400,34000
22766,One_buyer,2016,890500,4052900,16270.98
22798,One_buyer,2016,892900,3604200,30000
22803,Multiple buyers,2016,893600,5435700,99454.331
22814,Multiple buyers,2016,1838200,728500,245541.048
22818,One_buyer,2016,1838400,4172100,50000
22832,One_buyer,2016,1839000,4245300,10000
22865,Multiple buyers,2016,1841600,855300,25327.376
22869,One_buyer,2016,1841800,481400,496652.012
22916,Multiple buyers,2016,902400,4072300,1038.21
22923,Multiple buyers,2016,1845800,5102900,12000
22928,Multiple buyers,2016,1846300,5194100,151560.552
22928,Multiple buyers,2016,1846300,5446500,6295.168
22933,Multiple buyers,2016,1846700,5447400,65024.8
22951,Multiple buyers,2016,904000,5450800,30000
22954,One_buyer,2016,904300,2515900,1912.892
22962,Multiple buyers,2016,1848400,2321200,30000
22962,Multiple buyers,2016,1848400,2323000,23443.2
23015,Multiple buyers,2016,908400,5456100,19015.422
23038,Multiple buyers,2016,910100,4086900,4000
23069,One_buyer,2016,1856000,5460000,10000
23103,One_buyer,2016,1858200,1835200,3309.152
23116,One_buyer,2016,915100,1542200,46544
23136,Multiple buyers,2016,1860200,4522900,123604.8
23168,Multiple buyers,2016,919300,320800,374000
23175,Multiple buyers,2016,919600,4693300,30000
23180,Multiple buyers,2016,1863300,3494300,102000
23181,Multiple buyers,2016,1863400,5467200,64000
23203,Multiple buyers,2016,1864300,4313900,67000
23220,Multiple buyers,2016,922400,4924300,16000
23234,Multiple buyers,2016,923900,2437700,30000
23234,Multiple buyers,2016,923900,5471100,30000
23279,Multiple buyers,2016,926900,4109400,2366.32
23295,Multiple buyers,2016,929900,2491200,100000
23300,Multiple buyers,2016,1870800,2999800,246000
23301,Multiple buyers,2016,1870900,111800,12785.597
23301,Multiple buyers,2016,1870900,349600,291919.986
23301,Multiple buyers,2016,1870900,5477600,30000
23310,One_buyer,2016,932500,111800,8620.128
23315,Multiple buyers,2016,932600,5479300,12966.266
23331,Multiple buyers,2016,1872600,1293400,30000
23333,Multiple buyers,2016,1872800,5481200,30000
23357,Multiple buyers,2016,936700,597200,376620.8
23358,One_buyer,2016,1874500,5484200,19878.54
23365,Multiple buyers,2016,937900,5352600,2653.552
23466,Multiple buyers,2016,947100,4138800,7038.304
23469,Multiple buyers,2016,1882400,916600,209339.274
23476,Multiple buyers,2016,948500,4475800,48000
23488,Multiple buyers,2016,950400,3588300,22135.6
23497,Multiple buyers,2016,951300,3439600,10000
23497,Multiple buyers,2016,951300,3439500,5893.457
23497,Multiple buyers,2016,951300,2089800,30000
23497,Multiple buyers,2016,951300,5011300,25982.92
23530,Multiple buyers,2016,954900,4251200,28759.04
23635,Multiple buyers,2016,963700,4860000,10000
23647,Multiple buyers,2016,1893700,985900,79000
23649,###,2016,1893900,4645500,292600
23650,Multiple buyers,2016,964900,5508000,23000
23656,Multiple buyers,2016,1894300,5037400,90000
23692,Multiple buyers,2016,1896900,448100,25000
23703,Multiple buyers,2016,970200,5512200,18128
23748,Multiple buyers,2016,1901000,5516000,15000
23748,Multiple buyers,2016,1901000,5516100,7857.831
23759,Multiple buyers,2016,1901600,5517200,300000
23772,Multiple buyers,2016,975200,5518400,12741.696
23788,Multiple buyers,2016,976800,4174000,3994.32
23869,One_buyer,2016,1908900,2999800,75027.972
23877,Multiple buyers,2016,985200,3438600,71757.883
23878,Multiple buyers,2016,1909400,3544800,15000
23878,Multiple buyers,2016,1909400,2536700,200000
23895,Multiple buyers,2016,1911000,4903900,100000
23957,Multiple buyers,2016,990200,2724500,100000
23963,Multiple buyers,2016,1915200,5534600,50000
23967,Multiple buyers,2016,991500,3632000,6571.956
23979,One_buyer,2016,1916300,5536000,4173.51
24011,One_buyer,2016,1918500,3279800,18958.025
24029,Multiple buyers,2016,1920100,5481200,30000
24050,Multiple buyers,2016,1921600,5541600,23308.456
24111,Multiple buyers,2016,1926400,312100,304832.046
24143,One_buyer,2016,1927800,2494000,40000
24146,Multiple buyers,2016,1928000,2622100,200000
24157,Multiple buyers,2016,1928800,5550500,10280.063
24195,Multiple buyers,2016,1009000,1299000,126335.44
24201,One_buyer,2016,1932500,2288500,800000
24233,Multiple buyers,2016,1012700,5557800,6451.741
24252,One_buyer,2016,1013700,2491200,60000
24264,Multiple buyers,2016,1936800,5560200,17000
24279,Multiple buyers,2016,1937800,245500,4000
24279,Multiple buyers,2016,1937800,2023100,45000
24303,Multiple buyers,2016,1939500,131800,12681.224
24370,One_buyer,2016,1943600,2570200,5237.219
24402,One_buyer,2016,1945500,2632500,4000
24425,Multiple buyers,2016,1027500,3998300,103707.492
24438,Multiple buyers,2016,1947800,2570900,95131.935
24459,Multiple buyers,2016,1949100,5574500,8633.432
24463,One_buyer,2016,1949500,3375400,10000
24480,Multiple buyers,2016,1950500,449000,3109.04
24492,Multiple buyers,2016,1034400,4239500,356583.081
24502,Multiple buyers,2016,1036000,111800,110068.97
24514,Multiple buyers,2016,1952500,5102900,41000
24514,Multiple buyers,2016,1952500,5579500,3792.561
24556,One_buyer,2016,1043100,2672500,1833.907
24567,One_buyer,2016,1044300,4251200,4488
24605,Multiple buyers,2016,1047900,1901600,557683.848
24607,One_buyer,2016,1959500,5587000,10000
24619,One_buyer,2016,1048900,1727100,49331.539
24634,One_buyer,2016,1049700,5588700,7750.8
24648,One_buyer,2016,1961900,5589300,4524.704
24656,Multiple buyers,2016,1050800,827900,350000
24660,One_buyer,2016,1962800,4585400,2772
24674,Multiple buyers,2016,1051400,4257300,30000
24681,One_buyer,2016,1964300,5592100,21189.45
24693,One_buyer,2016,1964900,2288500,30818.313
24697,One_buyer,2016,1053600,5594000,4104.946
24748,Multiple buyers,2016,1968500,3266600,30000
24757,Multiple buyers,2016,1056700,111800,600000
24764,Multiple buyers,2016,1057100,4266600,6246.24
24803,One_buyer,2016,1971800,2999800,10000
24827,Multiple buyers,2016,1973700,720300,50000
24847,One_buyer,2016,1064900,5605800,11122.255
24850,One_buyer,2016,1975200,4784300,18582.894
24897,One_buyer,2016,1978500,5608000,6232.702
24921,Multiple buyers,2016,1980200,5609600,6033.843
24947,Multiple buyers,2016,1073400,2862400,50000
24948,One_buyer,2016,1982000,3649100,10000
24960,Multiple buyers,2016,1074500,2259700,15194.08
24963,Multiple buyers,2016,1982900,3982300,338292.24
24969,Multiple buyers,2016,1075100,4463000,23999.272
24981,Multiple buyers,2016,1984400,5615400,6000
25002,One_buyer,2016,1079000,1299000,77939.664
25059,One_buyer,2016,1988900,3279800,16170.253
25071,One_buyer,2016,1084200,985900,51791.282
25077,Multiple buyers,2016,1989700,1456500,351.472
25163,One_buyer,2016,1093800,4304100,3872
25184,One_buyer,2016,1995300,2534100,18991.351
25196,Multiple buyers,2016,1096900,2322500,3160.608
25196,Multiple buyers,2016,1096900,2420400,6133.42
25211,One_buyer,2016,1996600,5631400,3147.54
25218,Multiple buyers,2016,1997300,5633000,30000
25258,Multiple buyers,2016,1100400,4313900,92737.894
25260,Multiple buyers,2016,1999900,1937100,50000
25270,One_buyer,2016,2000400,5636300,2970.66
25280,One_buyer,2016,2000400,2023100,1652.64
25339,One_buyer,2016,2003800,797200,17000
25349,One_buyer,2016,1108100,2592400,9941.917
25351,Multiple buyers,2016,1108500,3074400,7732
25354,One_buyer,2016,1109200,4088600,50000
25372,One_buyer,2016,2005500,2632500,60000
25401,Multiple buyers,2016,1115300,2862400,15879.481
25452,One_buyer,2016,2008900,4172100,30000
25453,One_buyer,2016,2008900,5648400,30000
25496,Multiple buyers,2016,1128200,2534100,50000
25525,Multiple buyers,2016,2013000,2996100,9758.924
25537,One_buyer,2016,1132700,5653000,19523.91
25561,Multiple buyers,2016,2015500,1718200,4856.654
25561,Multiple buyers,2016,2015500,3279800,87826.946
25565,One_buyer,2016,1136500,349600,18768.339
25592,Multiple buyers,2016,1139100,2446200,34584
25598,Multiple buyers,2016,2017500,5657500,57000
25604,One_buyer,2016,2018100,4656000,30000
25611,One_buyer,2016,1140900,4348400,894.265
25618,Multiple buyers,2016,2018800,5659200,9501.065
25627,One_buyer,2016,2019200,774000,30000
25652,One_buyer,2016,2020300,5662000,29361.36
25671,Multiple buyers,2016,1148800,4363500,75509.435
25690,One_buyer,2016,2022700,4251200,22880
25695,One_buyer,2016,2023000,4108600,32030.24
25709,Multiple buyers,2016,1154000,5664700,30000
25717,One_buyer,2016,1155200,4892500,60000
25731,Multiple buyers,2016,1157500,4363500,194225.517
25733,One_buyer,2016,2025100,3043800,50000
25737,One_buyer,2016,1158100,3538100,27615.805
25750,One_buyer,2016,1158700,5292000,30000
25753,One_buyer,2016,2025800,604200,154956.335
25801,One_buyer,2016,1166300,5670800,50000
25809,Multiple buyers,2016,2028800,828500,311000
25815,Multiple buyers,2016,1168100,4585400,30000
25859,Multiple buyers,2016,1172600,979900,1678.16
25875,One_buyer,2016,1174200,5675500,22920
25917,One_buyer,2016,1178600,4251200,1000
25970,One_buyer,2016,2037000,1865300,370000
25986,One_buyer,2016,1191900,3118700,2213.872
25992,Multiple buyers,2016,2038100,4903900,21000
26034,Multiple buyers,2016,2040300,2446200,50000
26094,One_buyer,2016,2044300,4088600,30000
26111,Multiple buyers,2016,1206300,2412400,96748.672
26112,One_buyer,2016,1206400,334000,31506.42
26114,One_buyer,2016,1206600,5687900,30000
26125,One_buyer,2016,2046200,5688800,3997.416
26166,One_buyer,2016,2049100,5691400,18000
26217,One_buyer,2016,1218000,5675500,60000
26278,Multiple buyers,2016,2056800,2999800,6778.64
26278,Multiple buyers,2016,2056800,4760600,30000
26381,One_buyer,2016,1233900,177500,81828.475
26389,One_buyer,2016,1234800,2322500,35574.596
26393,Multiple buyers,2016,2062900,170600,27224.816
26393,Multiple buyers,2016,2062900,349600,83644.502
26422,One_buyer,2016,1239500,1899400,21884.826
26447,Multiple buyers,2016,1242400,4440400,50000
26453,One_buyer,2016,1242700,5711300,5678.34
26455,Multiple buyers,2016,2066300,4792600,5560
26456,Multiple buyers,2016,2066400,3896300,15000
26457,Multiple buyers,2016,1242900,5711800,10982.4
26478,Multiple buyers,2016,2067600,5713100,14204.328
26481,One_buyer,2016,1246700,170600,1520.066
26498,Multiple buyers,2016,2069000,334000,20352.64
26505,One_buyer,2016,1250300,5717600,616
26515,One_buyer,2016,1252200,2570200,16940.701
26534,One_buyer,2016,2070900,2802900,40000
26542,One_buyer,2016,2071400,5720200,50000
26566,One_buyer,2016,1254700,2622100,316000
26594,One_buyer,2016,2074700,3585700,30000
26595,One_buyer,2016,2074700,3623800,30000
26615,One_buyer,2016,2076200,604200,97786.928
26644,One_buyer,2016,2079000,178400,200000
26647,Multiple buyers,2016,2079300,1713300,54000
26648,One_buyer,2016,2079400,5727400,20433.6
26689,One_buyer,2016,2082700,2420400,18777.282
26700,One_buyer,2016,2083600,178400,127209.562
26717,One_buyer,2016,2084700,5732900,20000
26752,One_buyer,2016,2088100,178400,84420.679
26755,One_buyer,2016,2088200,5734800,42062.619
26797,One_buyer,2016,2091500,3679800,30000
26799,One_buyer,2016,2091700,5737800,10000
26801,One_buyer,2016,2091900,1299000,47593.471
26805,One_buyer,2016,2092300,5738100,49485.164
26854,Multiple buyers,2016,2096600,4402500,56431.24
26861,Multiple buyers,2016,2097200,5033900,233928.577
26884,Multiple buyers,2016,2099400,5742900,30000
26887,Multiple buyers,2016,2099700,5743800,10000
26894,Multiple buyers,2016,2100400,2597100,105000
26974,One_buyer,2016,2106700,2296600,8360.889
26975,Multiple buyers,2016,2106800,142600,3520
26985,Multiple buyers,2016,2107800,4315900,6028
27000,One_buyer,2016,2109300,216500,4686
27001,Multiple buyers,2016,2109400,3609600,50000
27034,One_buyer,2016,2112600,5754300,49944.194
27074,One_buyer,2016,2116500,2746900,30000
27083,One_buyer,2016,2117300,1901600,50000
27120,Multiple buyers,2016,2120200,2919700,2000
27146,One_buyer,2016,2122800,2642000,4450.052
27151,One_buyer,2016,2123200,820100,10000
27164,One_buyer,2016,2124200,5592100,25380
27227,One_buyer,2016,2128900,3221600,13816
27228,One_buyer,2016,2128900,5283700,15514.24
27250,One_buyer,2016,2130800,920000,28817.84
27259,One_buyer,2016,2131400,349600,26446.366
27296,One_buyer,2016,2134700,4088600,80000
27336,Multiple buyers,2016,2138600,2491200,50000
27347,One_buyer,2016,2139500,5772400,7205.966
27409,One_buyer,2016,2144500,349600,24415.48
27412,Multiple buyers,2016,2144800,2491200,400000
27468,One_buyer,2016,2150200,4088600,30000
27507,One_buyer,2016,2153400,4088600,65660.32
27570,One_buyer,2016,2159200,421600,40000
27576,One_buyer,2016,2159800,2291000,40000
27595,One_buyer,2016,2161400,2738700,23544.278
27634,One_buyer,2016,2165200,2291000,13413.18
27636,One_buyer,2016,2165400,5787800,14000
27674,One_buyer,2016,2168100,5789800,19272
27707,One_buyer,2016,2171400,4947400,27565.12
27725,One_buyer,2016,2172400,5792000,200000
27745,One_buyer,2016,2174300,482300,4455
27746,One_buyer,2016,2174400,5460000,30000
27768,Multiple buyers,2016,2176600,687800,50000
27779,Multiple buyers,2016,2177700,5794200,5000
27815,One_buyer,2016,2180900,1713300,100000
27816,One_buyer,2016,2181000,4492300,40000
27843,One_buyer,2016,2183100,1899400,60000
27849,One_buyer,2016,2183700,144600,60000
27866,One_buyer,2016,2185200,5799500,30025.6
27878,One_buyer,2016,2186100,4947400,7633.965
27892,Multiple buyers,2016,2187200,427400,23852.248
27896,Multiple buyers,2016,2187600,3623800,133623.688
27896,Multiple buyers,2016,2187600,5800100,6429.56
27916,One_buyer,2016,2189400,1665400,22646.316
27930,One_buyer,2016,2190500,1281300,35388.6
27959,Multiple buyers,2016,2192800,2028800,21000
27963,One_buyer,2016,2192900,4494300,742.28
28014,One_buyer,2016,2197900,4339800,5498.818
28026,One_buyer,2016,2199100,2651500,20000
28067,One_buyer,2016,2203200,3465700,80688
28072,One_buyer,2016,2203600,5812200,48000
28111,One_buyer,2016,2207400,5814500,30000
28118,One_buyer,2016,2208000,2259700,60000
28121,One_buyer,2016,2208200,2999800,300000
28129,One_buyer,2016,2208800,5816000,24620.855
28135,One_buyer,2016,2209400,3544800,30668
28176,One_buyer,2016,2213300,317400,50000
28207,One_buyer,2016,2215900,5819600,9000
28218,One_buyer,2016,2216900,5408800,30000
28245,One_buyer,2016,2219400,2259700,60000
28346,One_buyer,2016,2227900,5828400,2323.681
28401,One_buyer,2016,2232800,5831600,2641.1
28448,One_buyer,2016,2236800,5834600,5972.659
28491,One_buyer,2016,2241000,5033900,80000
28507,Multiple buyers,2016,2242500,5839800,4680.889
28537,Multiple buyers,2016,2245500,4592300,3000
28537,Multiple buyers,2016,2245500,5842200,288.8
28537,Multiple buyers,2016,2245500,4780700,1945.898
28592,One_buyer,2016,2250300,5846200,13731.9
28608,One_buyer,2016,2251400,2259700,50000
28612,One_buyer,2016,2251800,5847300,14400
